# idle,pivot_deg,0.62
# idle,pivot_deg,0.62
# idle,pivot_deg,0.62
# idle,pivot_deg,0.62
# idle,pivot_deg,-2.90
# idle,pivot_deg,28.12
# idle,pivot_deg,6.06
# idle,pivot_deg,-14.50
# idle,pivot_deg,3.08
# idle,pivot_deg,5.36
# idle,pivot_deg,0.97
# idle,pivot_deg,-0.70
# idle,pivot_deg,0.26
# idle,pivot_deg,0.53
# idle,pivot_deg,0.35
# idle,pivot_deg,-1.67
# idle,pivot_deg,0.88
# idle,pivot_deg,-0.09
# idle,pivot_deg,0.18
# idle,pivot_deg,0.44
# idle,pivot_deg,0.00
# idle,pivot_deg,0.18
# idle,pivot_deg,0.53
# idle,pivot_deg,0.26
# idle,pivot_deg,-0.62
# idle,pivot_deg,-9.84
# idle,pivot_deg,2.20
# idle,pivot_deg,0.35
# idle,pivot_deg,-5.01
# idle,pivot_deg,-2.02
# idle,pivot_deg,0.53
# idle,pivot_deg,-1.67
# idle,pivot_deg,1.85
# idle,pivot_deg,-2.99
# idle,pivot_deg,-2.46
# idle,pivot_deg,-0.79
# idle,pivot_deg,-0.79
# idle,pivot_deg,-0.79
# idle,pivot_deg,-0.79
# idle,pivot_deg,-0.79
  STAGE 1: motor OFF. Displace ~20-30 deg and RELEASE.
# TEST,freeswing
# DURATION_S,20
# columns: t_s,pivot_deg,pivot_dps,wheel_deg,wheel_dps,duty
t_s,pivot_deg,pivot_dps,wheel_deg,wheel_dps,duty
0.0050,-0.088,-2.50,275.539,0.0,0
0.0100,0.000,8.59,275.451,0.0,0
0.0150,-0.088,-7.12,275.539,0.0,0
0.0200,0.000,3.52,275.539,0.0,0
0.0250,-0.088,-6.74,275.451,0.0,0
0.0300,-0.088,-7.80,275.451,0.0,0
0.0350,-0.088,-5.38,275.628,0.0,0
0.0410,-0.088,-5.73,275.451,0.0,0
0.0460,-0.088,-2.99,275.451,0.0,0
0.0510,0.000,6.97,274.830,0.0,0
0.0560,-0.088,-8.37,275.716,0.0,0
0.0610,-0.088,-6.76,275.362,0.0,0
0.0660,0.000,3.67,275.716,0.0,0
0.0710,0.000,3.56,275.362,0.0,0
0.0760,0.000,4.19,275.451,0.0,0
0.0810,-0.088,-9.60,275.451,0.0,0
0.0860,-0.088,-9.22,276.071,0.0,0
0.0910,-0.088,-4.82,275.628,0.0,0
0.0960,0.000,5.75,275.894,0.0,0
0.1010,0.000,2.55,275.539,0.0,0
0.1060,-0.088,-10.34,275.539,0.0,0
0.1110,0.000,8.26,275.451,0.0,0
0.1160,0.000,8.64,275.716,0.0,0
0.1210,0.000,3.83,275.362,0.0,0
0.1260,-0.088,-9.93,275.539,0.0,0
0.1310,-0.088,-7.44,275.362,0.0,0
0.1360,-0.088,-8.88,275.451,0.0,0
0.1410,0.000,5.34,275.716,0.0,0
0.1460,0.000,8.55,275.539,0.0,0
0.1510,-0.088,-7.13,275.362,0.0,0
0.1560,0.000,7.76,275.451,0.0,0
0.1610,-0.088,-7.76,275.628,0.0,0
0.1660,0.000,4.45,275.539,0.0,0
0.1710,-0.088,-7.32,275.628,0.0,0
0.1760,0.000,3.42,275.451,0.0,0
0.1810,0.000,4.87,275.451,0.0,0
0.1860,-0.088,-5.73,275.539,0.0,0
0.1910,-0.088,-5.17,275.805,0.0,0
0.1960,0.000,7.00,275.451,0.0,0
0.2010,0.000,5.73,275.451,0.0,0
0.2060,-0.088,-4.13,275.539,0.0,0
0.2110,-0.088,-8.01,275.539,0.0,0
0.2160,0.000,4.34,275.539,0.0,0
0.2210,-0.088,-10.92,275.451,0.0,0
0.2260,-0.088,-10.72,275.716,0.0,0
0.2310,0.000,1.92,275.451,0.0,0
0.2360,0.000,5.12,275.716,0.0,0
0.2410,0.000,5.84,275.628,0.0,0
0.2460,0.000,4.24,275.451,0.0,0
0.2510,0.000,1.88,275.451,0.0,0
0.2560,0.000,3.99,275.451,0.0,0
0.2610,0.000,1.77,275.362,0.0,0
0.2660,0.000,3.41,275.451,0.0,0
0.2710,0.000,1.78,275.628,0.0,0
0.2760,-0.088,-5.89,275.539,0.0,0
0.2810,-0.088,-5.65,275.539,0.0,0
0.2860,0.000,8.42,275.628,0.0,0
0.2910,0.000,3.73,275.894,0.0,0
0.2960,0.000,1.66,275.539,0.0,0
0.3010,0.000,0.74,275.539,0.0,0
0.3070,0.000,4.59,275.539,0.0,0
0.3120,0.000,4.65,275.451,0.0,0
0.3170,-0.088,-5.42,275.273,0.0,0
0.3220,0.000,5.49,275.539,0.0,0
0.3270,-0.088,-6.86,275.539,0.0,0
0.3320,-0.088,-7.99,275.185,0.0,0
0.3370,0.000,3.13,275.539,0.0,0
0.3420,0.000,4.01,275.539,0.0,0
0.3470,-0.088,-9.85,275.716,0.0,0
0.3520,0.000,5.18,275.539,0.0,0
0.3570,0.000,5.87,275.451,0.0,0
0.3620,0.000,5.01,276.071,0.0,0
0.3670,-0.088,-4.45,275.539,0.0,0
0.3720,-0.088,-5.54,275.539,0.0,0
0.3770,0.000,7.35,275.539,0.0,0
0.3820,-0.088,-9.60,275.539,0.0,0
0.3870,-0.088,-5.91,275.805,0.0,0
0.3920,0.000,6.91,275.539,0.0,0
0.3970,0.000,6.63,275.362,0.0,0
0.4020,0.000,5.56,275.805,0.0,0
0.4070,-0.088,-8.03,275.273,0.0,0
0.4120,-0.088,-6.18,275.451,0.0,0
0.4170,0.000,3.93,275.716,0.0,0
0.4220,0.000,3.39,275.451,0.0,0
0.4270,0.000,3.13,275.273,0.0,0
0.4320,-0.088,-9.53,275.273,0.0,0
0.4370,-0.088,-4.23,275.362,0.0,0
0.4420,-0.088,-3.53,275.539,0.0,0
0.4470,0.000,5.11,275.716,0.0,0
0.4520,0.000,5.75,275.451,0.0,0
0.4570,0.000,4.20,275.273,0.0,0
0.4620,0.000,3.78,275.539,0.0,0
0.4670,0.000,1.68,275.628,0.0,0
0.4720,0.000,0.74,275.451,0.0,0
0.4770,0.000,1.55,275.539,0.0,0
0.4820,-0.088,-12.18,275.716,0.0,0
0.4870,-0.088,-5.40,275.451,0.0,0
0.4920,-0.088,-5.95,275.539,0.0,0
0.4970,0.000,6.18,275.362,0.0,0
0.5020,-0.088,-8.19,275.451,0.0,0
0.5070,0.000,5.66,275.362,0.0,0
0.5120,0.000,3.74,275.539,0.0,0
0.5170,-0.088,-11.19,275.362,0.0,0
0.5220,0.000,1.71,275.273,0.0,0
0.5270,-0.088,-8.53,275.539,0.0,0
0.5320,0.000,5.50,275.451,0.0,0
0.5370,-0.088,-8.49,275.539,0.0,0
0.5430,0.000,6.50,275.894,0.0,0
0.5480,-0.088,-7.10,275.539,0.0,0
0.5530,0.000,4.74,275.805,0.0,0
0.5580,0.000,5.24,275.539,0.0,0
0.5630,0.000,8.51,275.362,0.0,0
0.5680,-0.088,-9.09,275.539,0.0,0
0.5730,-0.088,-4.03,275.628,0.0,0
0.5780,0.000,6.53,275.451,0.0,0
0.5830,-0.088,-9.97,275.539,0.0,0
0.5880,-0.088,-8.28,275.539,0.0,0
0.5930,0.000,4.22,275.628,0.0,0
0.5980,-0.088,-8.35,275.539,0.0,0
0.6030,0.000,4.59,275.539,0.0,0
0.6080,-0.088,-9.58,275.451,0.0,0
0.6130,0.000,3.64,275.451,0.0,0
0.6180,0.000,3.00,275.539,0.0,0
0.6230,0.000,5.60,275.451,0.0,0
0.6280,-0.088,-5.42,275.451,0.0,0
0.6330,-0.088,-7.84,275.362,0.0,0
0.6380,0.000,3.19,275.362,0.0,0
0.6430,0.000,3.33,275.362,0.0,0
0.6480,-0.088,-11.38,275.894,0.0,0
0.6530,0.000,3.53,275.273,0.0,0
0.6580,0.000,3.49,275.362,0.0,0
0.6630,0.000,2.95,275.362,0.0,0
0.6680,0.000,1.31,275.451,0.0,0
0.6730,0.000,0.58,275.539,0.0,0
0.6780,0.000,2.24,275.451,0.0,0
0.6830,0.000,1.00,275.539,0.0,0
0.6880,0.000,2.37,275.716,0.0,0
0.6930,0.000,2.70,275.451,0.0,0
0.6980,-0.088,-11.65,275.539,0.0,0
0.7030,0.000,2.91,275.362,0.0,0
0.7080,0.000,7.48,275.185,0.0,0
0.7130,-0.088,-4.58,275.451,0.0,0
0.7180,-0.088,-8.21,275.805,0.0,0
0.7230,-0.088,-4.29,274.919,0.0,0
0.7280,0.000,6.40,275.539,0.0,0
0.7330,-0.088,-3.83,275.716,0.0,0
0.7380,0.000,4.97,275.539,0.0,0
0.7430,0.000,5.25,275.451,0.0,0
0.7480,0.000,2.33,275.982,0.0,0
0.7530,0.000,2.43,275.628,0.0,0
0.7580,0.000,2.31,275.362,0.0,0
0.7630,0.000,1.03,275.362,0.0,0
0.7680,-0.088,-7.31,275.451,0.0,0
0.7730,0.000,6.46,275.539,0.0,0
0.7780,0.000,2.87,275.362,0.0,0
0.7830,0.000,1.27,275.185,0.0,0
0.7880,0.000,0.56,275.273,0.0,0
0.7930,-0.088,-10.68,275.451,0.0,0
0.7980,0.000,3.16,275.362,0.0,0
0.8030,0.000,1.40,275.628,0.0,0
0.8090,0.000,4.19,275.362,0.0,0
0.8140,-0.088,-7.11,275.362,0.0,0
0.8190,-0.088,-6.18,275.451,0.0,0
0.8240,0.000,3.93,275.362,0.0,0
0.8290,0.000,2.97,275.273,0.0,0
0.8340,0.000,1.32,275.451,0.0,0
0.8390,0.000,0.59,275.451,0.0,0
0.8440,0.000,3.83,275.451,0.0,0
0.8490,-0.088,-7.58,275.539,0.0,0
0.8540,0.000,3.31,275.451,0.0,0
0.8590,0.000,3.37,275.362,0.0,0
0.8640,0.000,5.75,275.362,0.0,0
0.8690,0.000,5.59,275.805,0.0,0
0.8740,-0.088,-7.22,275.539,0.0,0
0.8790,0.000,5.38,275.362,0.0,0
0.8840,-0.088,-8.55,275.539,0.0,0
0.8890,-0.088,-8.58,275.273,0.0,0
0.8940,-0.088,-8.76,275.362,0.0,0
0.8990,0.000,2.79,275.273,0.0,0
0.9040,-0.088,-11.41,275.362,0.0,0
0.9090,0.000,5.87,275.628,0.0,0
0.9140,0.000,2.61,275.362,0.0,0
0.9190,0.000,2.39,275.539,0.0,0
0.9240,0.000,5.32,275.716,0.0,0
0.9290,0.000,6.62,275.451,0.0,0
0.9340,0.000,4.15,275.539,0.0,0
0.9390,0.000,5.40,275.451,0.0,0
0.9440,0.000,2.40,275.539,0.0,0
0.9490,-0.088,-9.96,275.362,0.0,0
0.9540,0.000,3.47,276.248,0.0,0
0.9590,0.000,1.54,274.830,0.0,0
0.9640,0.000,2.32,275.451,0.0,0
0.9690,0.000,1.03,275.185,0.0,0
0.9740,-0.088,-10.46,275.451,0.0,0
0.9790,0.000,4.65,275.451,0.0,0
0.9840,0.000,2.06,275.451,0.0,0
0.9890,-0.088,-11.93,275.451,0.0,0
0.9940,0.000,1.62,276.071,0.0,0
0.9990,-0.088,-10.21,275.716,0.0,0
1.0040,0.000,2.14,275.451,0.0,0
1.0090,0.000,2.18,275.716,0.0,0
1.0140,0.000,0.97,275.628,0.0,0
1.0190,-0.088,-7.46,275.539,0.0,0
1.0240,-0.088,-6.34,275.628,0.0,0
1.0290,0.000,3.86,275.362,0.0,0
1.0340,0.000,1.71,275.539,0.0,0
1.0390,0.000,0.89,275.451,0.0,0
1.0440,0.000,0.40,275.362,0.0,0
1.0490,0.000,0.18,275.539,0.0,0
1.0540,0.000,0.08,275.096,0.0,0
1.0590,0.000,1.66,275.185,0.0,0
1.0640,-0.088,-5.93,275.451,0.0,0
1.0690,-0.088,-6.90,275.451,0.0,0
1.0740,0.000,7.18,275.539,0.0,0
1.0800,-0.088,-5.11,275.451,0.0,0
1.0850,0.000,8.25,275.451,0.0,0
1.0900,0.000,6.69,275.539,0.0,0
1.0950,0.000,4.35,275.451,0.0,0
1.1000,0.000,1.93,275.539,0.0,0
1.1050,0.000,4.42,275.362,0.0,0
1.1100,0.000,6.93,275.362,0.0,0
1.1150,0.000,4.99,275.539,0.0,0
1.1200,0.000,7.18,275.539,0.0,0
1.1250,-0.088,-6.10,275.451,0.0,0
1.1300,0.000,6.11,275.185,0.0,0
1.1350,0.000,2.71,275.451,0.0,0
1.1400,0.000,1.20,275.716,0.0,0
1.1450,0.000,0.53,275.362,0.0,0
1.1500,0.000,6.42,275.451,0.0,0
1.1550,0.000,5.87,275.539,0.0,0
1.1600,-0.088,-6.69,275.007,0.0,0
1.1650,-0.088,-4.35,275.982,0.0,0
1.1700,-0.088,-8.12,275.628,0.0,0
1.1750,0.000,7.16,275.716,0.0,0
1.1800,0.000,3.18,275.539,0.0,0
1.1850,-0.088,-9.51,275.539,0.0,0
1.1900,0.000,2.45,275.273,0.0,0
1.1950,0.000,2.74,275.451,0.0,0
1.2000,0.000,4.78,275.539,0.0,0
1.2050,0.000,5.46,275.628,0.0,0
1.2100,0.000,2.42,275.273,0.0,0
1.2150,0.000,1.07,275.273,0.0,0
1.2200,0.000,5.58,275.451,0.0,0
1.2250,-0.088,-8.46,275.539,0.0,0
1.2300,0.000,4.15,275.273,0.0,0
1.2350,0.000,3.22,275.451,0.0,0
1.2400,0.000,1.43,275.628,0.0,0
1.2450,-0.088,-12.21,275.716,0.0,0
1.2500,0.000,5.50,275.539,0.0,0
1.2550,0.000,4.09,275.451,0.0,0
1.2600,0.000,5.37,275.451,0.0,0
1.2650,0.000,2.80,275.362,0.0,0
1.2700,0.000,1.24,275.628,0.0,0
1.2750,0.000,0.55,275.185,0.0,0
1.2800,0.000,2.86,275.716,0.0,0
1.2850,0.000,3.21,275.185,0.0,0
1.2900,0.000,4.99,275.451,0.0,0
1.2950,-0.088,-9.42,275.539,0.0,0
1.3000,0.000,3.72,275.007,0.0,0
1.3050,0.000,6.44,275.451,0.0,0
1.3100,0.000,3.36,275.539,0.0,0
1.3150,0.000,1.49,276.337,0.0,0
1.3200,0.000,0.66,276.071,0.0,0
1.3250,0.000,3.33,275.362,0.0,0
1.3300,-0.088,-11.37,275.185,0.0,0
1.3350,0.000,2.85,275.451,0.0,0
1.3400,0.000,3.88,275.628,0.0,0
1.3460,0.000,5.97,275.716,0.0,0
1.3510,-0.088,-10.21,275.273,0.0,0
1.3560,0.000,2.51,275.716,0.0,0
1.3610,0.000,1.12,275.539,0.0,0
1.3660,-0.088,-11.14,275.185,0.0,0
1.3710,0.000,1.73,275.362,0.0,0
1.3760,-0.088,-12.10,275.362,0.0,0
1.3810,0.000,1.30,275.539,0.0,0
1.3860,0.000,4.13,275.185,0.0,0
1.3910,0.000,6.81,275.451,0.0,0
1.3960,0.000,3.02,275.451,0.0,0
1.4010,-0.088,-7.71,275.628,0.0,0
1.4060,0.000,4.90,275.185,0.0,0
1.4110,0.000,2.17,275.716,0.0,0
1.4160,-0.088,-8.87,275.539,0.0,0
1.4210,0.000,2.73,275.628,0.0,0
1.4260,0.000,1.21,275.894,0.0,0
1.4310,0.000,0.54,275.539,0.0,0
1.4360,0.000,1.45,275.185,0.0,0
1.4410,-0.088,-9.60,275.539,0.0,0
1.4460,-0.088,-8.57,275.451,0.0,0
1.4510,0.000,4.09,275.451,0.0,0
1.4560,-0.088,-9.12,275.539,0.0,0
1.4610,0.000,2.62,275.628,0.0,0
1.4660,-0.088,-11.70,275.539,0.0,0
1.4710,-0.088,-11.37,275.628,0.0,0
1.4760,0.000,3.25,275.273,0.0,0
1.4810,0.000,5.02,275.539,0.0,0
1.4860,0.000,2.23,275.539,0.0,0
1.4910,0.000,1.16,275.451,0.0,0
1.4960,0.000,6.71,275.628,0.0,0
1.5010,-0.088,-6.31,275.539,0.0,0
1.5060,0.000,3.88,275.539,0.0,0
1.5110,-0.088,-7.56,275.451,0.0,0
1.5160,0.000,6.35,275.982,0.0,0
1.5210,0.000,4.20,275.451,0.0,0
1.5260,0.000,3.09,275.451,0.0,0
1.5310,0.000,2.76,275.539,0.0,0
1.5360,0.000,1.44,275.982,0.0,0
1.5410,0.000,0.64,275.628,0.0,0
1.5460,0.000,0.28,275.539,0.0,0
1.5510,0.000,3.43,275.273,0.0,0
1.5560,-0.088,-9.95,275.185,0.0,0
1.5610,0.000,2.25,275.362,0.0,0
1.5660,0.000,4.57,275.716,0.0,0
1.5710,-0.088,-7.49,275.716,0.0,0
1.5760,0.000,5.27,275.451,0.0,0
1.5810,0.000,2.75,275.362,0.0,0
1.5870,0.000,2.87,275.539,0.0,0
1.5920,0.000,3.89,275.539,0.0,0
1.5970,-0.088,-7.57,275.539,0.0,0
1.6020,0.000,6.16,275.362,0.0,0
1.6070,0.000,4.12,275.007,0.0,0
1.6120,0.000,1.83,275.451,0.0,0
1.6170,-0.088,-8.47,275.539,0.0,0
1.6220,0.000,4.14,275.362,0.0,0
1.6270,0.000,5.24,275.451,0.0,0
1.6320,0.000,3.56,275.451,0.0,0
1.6370,0.000,2.80,275.451,0.0,0
1.6420,0.000,2.64,274.830,0.0,0
1.6470,0.000,3.79,275.362,0.0,0
1.6520,0.000,1.68,275.805,0.0,0
1.6570,0.000,0.75,275.539,0.0,0
1.6620,0.000,0.33,275.362,0.0,0
1.6670,-0.088,-7.75,275.628,0.0,0
1.6720,0.000,3.80,275.539,0.0,0
1.6770,0.000,3.61,275.539,0.0,0
1.6820,0.000,1.60,275.451,0.0,0
1.6870,0.000,4.28,275.451,0.0,0
1.6920,0.000,3.30,275.362,0.0,0
1.6970,0.088,12.39,275.539,0.0,0
1.7020,0.439,45.23,275.362,0.0,0
1.7070,0.527,29.36,275.451,0.0,0
1.7120,0.527,13.03,275.451,0.0,0
1.7170,0.352,-13.91,275.362,0.0,0
1.7220,0.352,-6.17,275.451,0.0,0
1.7270,0.352,-2.74,275.539,0.0,0
1.7320,0.176,-20.05,275.362,0.0,0
1.7370,-0.352,-67.45,275.451,0.0,0
1.7420,-0.879,-88.50,275.185,0.0,0
1.7470,-1.494,-105.73,275.273,0.0,0
1.7520,-2.197,-123.36,275.716,0.0,0
1.7570,-2.725,-113.31,275.451,0.0,0
1.7620,-3.164,-112.93,275.628,0.0,0
1.7670,-3.779,-114.93,275.362,0.0,0
1.7720,-4.043,-74.85,275.451,0.0,0
1.7770,-4.043,-33.21,275.451,0.0,0
1.7820,-3.867,2.86,275.362,0.0,0
1.7870,-3.867,1.27,275.539,0.0,0
1.7920,-3.779,9.85,275.451,0.0,0
1.7970,-3.604,20.34,275.362,0.0,0
1.8020,-3.428,26.62,275.273,0.0,0
1.8070,-3.340,26.75,275.273,0.0,0
1.8120,-3.340,13.08,274.564,0.0,0
1.8170,-3.164,25.34,275.539,0.0,0
1.8220,-2.988,33.39,274.919,0.0,0
1.8270,-2.725,43.64,275.273,0.0,0
1.8320,-2.285,67.01,275.362,0.0,0
1.8370,-1.846,75.45,275.185,0.0,0
1.8420,-1.406,81.12,275.273,0.0,0
1.8480,-1.055,72.69,275.096,0.0,0
1.8530,-0.879,58.15,275.716,0.0,0
1.8580,-0.703,43.39,275.096,0.0,0
1.8630,-0.703,19.25,275.185,0.0,0
1.8680,-0.791,0.64,275.185,0.0,0
1.8730,-0.967,-19.25,275.273,0.0,0
1.8780,-1.055,-17.83,275.096,0.0,0
1.8830,-1.406,-46.26,275.185,0.0,0
1.8880,-1.846,-68.16,275.362,0.0,0
1.8930,-2.461,-95.48,275.451,0.0,0
1.8980,-2.900,-101.70,275.362,0.0,0
1.9030,-3.252,-86.09,275.539,0.0,0
1.9080,-3.428,-57.03,275.451,0.0,0
1.9130,-3.428,-25.30,275.451,0.0,0
1.9180,-3.428,-10.00,275.539,0.0,0
1.9230,-3.252,14.39,275.805,0.0,0
1.9280,-2.900,44.73,275.982,0.0,0
1.9330,-2.461,67.49,275.362,0.0,0
1.9380,-2.109,64.73,275.805,0.0,0
1.9430,-1.934,52.57,275.805,0.0,0
1.9480,-1.846,29.99,275.628,0.0,0
1.9530,-1.934,0.46,275.805,0.0,0
1.9580,-2.021,-9.09,275.362,0.0,0
1.9630,-2.109,-11.93,275.894,0.0,0
1.9680,-2.285,-21.26,275.982,0.0,0
1.9730,-2.461,-30.20,275.805,0.0,0
1.9780,-2.637,-34.15,275.805,0.0,0
1.9830,-2.725,-26.08,275.894,0.0,0
1.9880,-2.900,-32.39,275.982,0.0,0
1.9930,-3.076,-33.18,276.071,0.0,0
1.9980,-3.428,-54.46,276.248,0.0,0
2.0030,-3.691,-55.84,276.160,0.0,0
2.0080,-3.955,-54.83,275.982,0.0,0
2.0130,-4.131,-43.15,276.160,0.0,0
2.0180,-4.395,-44.65,276.514,0.0,0
2.0230,-4.570,-37.41,276.248,0.0,0
2.0280,-4.746,-34.20,276.425,0.0,0
2.0330,-4.834,-25.70,276.780,0.0,0
2.0380,-5.010,-30.94,276.603,0.0,0
2.0430,-4.922,-2.81,276.603,0.0,0
2.0480,-4.922,1.37,276.869,0.0,0
2.0530,-4.834,9.90,277.046,0.0,0
2.0580,-4.834,4.39,277.223,0.0,0
2.0630,-4.834,1.95,277.312,0.0,0
2.0680,-4.834,0.86,277.134,0.0,0
2.0730,-4.922,-7.51,277.755,0.0,0
2.0780,-5.010,-13.21,277.843,0.0,0
2.0830,-5.098,-18.72,277.400,0.0,0
2.0880,-5.186,-21.16,277.843,0.0,0
2.0930,-5.361,-31.54,277.578,0.0,0
2.0980,-5.537,-36.13,277.843,0.0,0
2.1030,-5.801,-47.71,277.843,0.0,0
2.1080,-6.064,-52.86,277.843,0.0,0
2.1130,-6.328,-53.50,278.375,0.0,0
2.1190,-6.504,-42.57,277.843,0.0,0
2.1240,-6.592,-30.07,278.021,0.0,0
2.1290,-6.592,-13.34,277.932,0.0,0
2.1340,-6.592,-2.89,278.021,0.0,0
2.1390,-6.592,-1.28,278.021,0.0,0
2.1440,-6.592,-0.57,278.287,0.0,0
2.1490,-6.680,-8.15,278.109,0.0,0
2.1540,-6.768,-16.48,278.287,0.0,0
2.1590,-6.943,-28.06,278.375,0.0,0
2.1640,-7.031,-23.37,278.198,0.0,0
2.1690,-7.119,-20.05,278.109,0.0,0
2.1740,-7.207,-18.18,278.730,0.0,0
2.1790,-7.295,-18.99,278.641,0.0,0
2.1840,-7.471,-27.26,278.641,0.0,0
2.1890,-7.646,-30.92,278.818,0.0,0
2.1940,-7.910,-42.52,278.641,0.0,0
2.1990,-8.174,-46.97,278.552,0.0,0
2.2040,-8.525,-55.63,278.818,0.0,0
2.2090,-8.789,-55.13,278.552,0.0,0
2.2140,-8.877,-41.63,279.261,0.0,0
2.2190,-8.965,-27.75,278.818,0.0,0
2.2240,-9.229,-39.20,278.907,0.0,0
2.2290,-9.668,-65.03,279.084,0.0,0
2.2340,-9.932,-56.97,279.084,0.0,0
2.2390,-10.283,-62.00,279.261,0.0,0
2.2440,-10.547,-56.31,279.350,0.0,0
2.2490,-10.723,-43.81,279.616,0.0,0
2.2540,-10.811,-27.34,279.527,0.0,0
2.2590,-10.898,-25.20,279.616,0.0,0
2.2640,-10.898,-11.18,279.793,0.0,0
2.2690,-11.074,-27.12,279.793,0.0,0
2.2740,-11.250,-32.25,280.148,0.0,0
2.2790,-11.602,-52.66,280.059,0.0,0
2.2840,-11.865,-53.82,280.414,0.0,0
2.2890,-12.041,-44.63,280.591,0.0,0
2.2940,-12.129,-29.09,280.768,0.0,0
2.2990,-12.217,-23.84,280.857,0.0,0
2.3040,-12.305,-23.38,280.857,0.0,0
2.3090,-12.480,-29.20,280.414,0.0,0
2.3140,-12.656,-30.56,281.300,0.0,0
2.3190,-12.832,-32.37,281.388,0.0,0
2.3240,-12.920,-27.21,281.566,0.0,0
2.3290,-12.920,-12.07,281.743,0.0,0
2.3340,-12.832,5.56,281.920,0.0,0
2.3390,-12.744,11.75,282.009,0.0,0
2.3440,-12.480,35.26,282.275,0.0,0
2.3490,-12.305,40.56,282.098,0.0,0
2.3540,-12.041,48.03,282.186,0.0,0
2.3590,-11.865,42.06,282.275,0.0,0
2.3640,-11.777,27.95,282.275,0.0,0
2.3700,-11.689,24.02,282.009,0.0,0
2.3750,-11.777,2.76,282.452,0.0,0
2.3800,-11.865,-8.06,282.541,0.0,0
2.3850,-11.953,-14.50,282.452,0.0,0
2.3900,-12.041,-17.37,282.363,0.0,0
2.3950,-12.041,-9.06,282.452,0.0,0
2.4000,-12.041,-4.02,282.629,0.0,0
2.4050,-12.129,-14.63,283.072,0.0,0
2.4100,-12.217,-19.36,282.629,0.0,0
2.4150,-12.305,-21.45,282.629,0.0,0
2.4200,-12.305,-9.52,282.541,0.0,0
2.4250,-12.393,-10.90,282.718,0.0,0
2.4300,-12.393,-4.84,283.161,0.0,0
2.4350,-12.480,-8.82,282.629,0.0,0
2.4400,-12.568,-12.45,282.541,0.0,0
2.4450,-12.832,-34.33,282.895,0.0,0
2.4500,-12.920,-28.08,282.718,0.0,0
2.4550,-12.920,-12.46,282.806,0.0,0
2.4600,-12.832,7.33,282.718,0.0,0
2.4650,-12.832,4.66,282.541,0.0,0
2.4700,-12.920,-10.80,282.629,0.0,0
2.4750,-12.920,-4.79,282.629,0.0,0
2.4800,-12.920,-2.13,282.452,0.0,0
2.4850,-13.008,-10.39,282.098,0.0,0
2.4900,-13.096,-12.50,282.452,0.0,0
2.4950,-13.271,-26.30,282.363,0.0,0
2.5000,-13.535,-42.13,282.275,0.0,0
2.5050,-14.063,-79.17,282.363,0.0,0
2.5100,-14.678,-104.93,282.009,0.0,0
2.5150,-15.117,-94.19,282.541,0.0,0
2.5200,-15.469,-78.49,282.452,0.0,0
2.5250,-15.557,-44.12,282.541,0.0,0
2.5300,-15.645,-30.88,282.186,0.0,0
2.5350,-15.645,-13.70,283.072,0.0,0
2.5400,-15.732,-17.55,282.452,0.0,0
2.5450,-15.820,-20.64,282.629,0.0,0
2.5500,-15.820,-9.16,283.072,0.0,0
2.5550,-15.908,-10.73,282.806,0.0,0
2.5600,-15.820,6.16,282.895,0.0,0
2.5650,-15.732,15.58,282.806,0.0,0
2.5700,-15.732,5.29,282.984,0.0,0
2.5750,-15.732,1.31,282.984,0.0,0
2.5800,-15.820,-10.34,282.363,0.0,0
2.5850,-15.908,-13.88,283.072,0.0,0
2.5900,-15.996,-15.45,283.072,0.0,0
2.5950,-15.908,-0.19,283.338,0.0,0
2.6000,-15.908,-0.08,283.338,0.0,0
2.6050,-15.996,-9.87,283.870,0.0,0
2.6100,-16.084,-15.31,283.338,0.0,0
2.6150,-16.172,-14.69,283.250,0.0,0
2.6210,-16.260,-15.51,283.427,0.0,0
2.6260,-16.260,-6.88,283.604,0.0,0
2.6310,-16.260,-3.05,283.516,0.0,0
2.6360,-16.260,-1.36,283.604,0.0,0
2.6410,-16.348,-11.53,283.781,0.0,0
2.6460,-16.523,-27.27,283.604,0.0,0
2.6510,-16.611,-23.02,283.870,0.0,0
2.6560,-16.699,-19.50,284.136,0.0,0
2.6610,-16.787,-17.94,283.959,0.0,0
2.6660,-16.875,-22.22,283.781,0.0,0
2.6710,-16.875,-11.08,283.693,0.0,0
2.6760,-16.875,-4.92,283.604,0.0,0
2.6810,-16.875,-2.18,284.136,0.0,0
2.6860,-16.875,-0.97,283.959,0.0,0
2.6910,-16.875,-0.43,284.136,0.0,0
2.6960,-16.787,12.67,283.959,0.0,0
2.7010,-16.787,5.62,284.136,0.0,0
2.7060,-16.787,2.49,284.136,0.0,0
2.7110,-16.787,-0.15,284.402,0.0,0
2.7160,-16.875,-11.00,284.402,0.0,0
2.7210,-17.051,-22.47,284.756,0.0,0
2.7260,-17.314,-41.65,284.845,0.0,0
2.7310,-17.490,-38.70,284.934,0.0,0
2.7360,-17.842,-53.87,284.934,0.0,0
2.7410,-18.193,-62.26,285.022,0.0,0
2.7460,-18.545,-62.40,285.111,0.0,0
2.7510,-18.896,-64.40,285.288,0.0,0
2.7560,-19.072,-54.33,285.111,0.0,0
2.7610,-19.072,-24.10,285.111,0.0,0
2.7660,-19.072,-10.70,285.022,0.0,0
2.7710,-18.896,12.85,285.022,0.0,0
2.7760,-18.809,13.59,285.111,0.0,0
2.7810,-18.721,12.70,285.111,0.0,0
2.7860,-18.721,5.63,285.111,0.0,0
2.7910,-18.721,2.50,284.668,0.0,0
2.7960,-18.809,-6.78,284.934,0.0,0
2.8010,-18.721,5.75,285.022,0.0,0
2.8060,-18.721,2.55,285.111,0.0,0
2.8110,-18.633,9.03,285.111,0.0,0
2.8160,-18.633,4.01,285.643,0.0,0
2.8210,-18.545,11.06,285.022,0.0,0
2.8260,-18.545,4.91,285.022,0.0,0
2.8310,-18.457,13.11,285.111,0.0,0
2.8360,-18.457,5.82,284.668,0.0,0
2.8410,-18.369,10.47,284.845,0.0,0
2.8460,-18.369,5.47,284.845,0.0,0
2.8510,-18.369,0.78,284.845,0.0,0
2.8560,-18.369,0.34,284.934,0.0,0
2.8610,-18.369,0.15,284.668,0.0,0
2.8660,-18.369,-2.56,284.668,0.0,0
2.8710,-18.281,6.76,284.490,0.0,0
2.8760,-18.281,3.00,284.579,0.0,0
2.8810,-18.369,-6.57,284.579,0.0,0
2.8870,-18.457,-10.81,284.756,0.0,0
2.8920,-18.457,-2.07,284.225,0.0,0
2.8970,-18.457,0.48,284.845,0.0,0
2.9020,-18.457,0.21,284.845,0.0,0
2.9070,-18.281,17.69,284.845,0.0,0
2.9120,-18.281,7.85,284.490,0.0,0
2.9170,-18.193,14.41,284.668,0.0,0
2.9220,-18.281,-0.28,284.668,0.0,0
2.9270,-18.281,-0.12,284.756,0.0,0
2.9320,-18.281,-0.05,284.668,0.0,0
2.9370,-18.369,-9.32,284.668,0.0,0
2.9420,-18.369,-4.14,284.668,0.0,0
2.9470,-18.457,-14.68,284.756,0.0,0
2.9520,-18.457,-6.52,284.668,0.0,0
2.9570,-18.457,-2.89,284.668,0.0,0
2.9620,-18.545,-10.99,284.668,0.0,0
2.9670,-18.545,-4.87,284.668,0.0,0
2.9720,-18.545,-2.16,284.668,0.0,0
2.9770,-18.457,7.34,284.756,0.0,0
2.9820,-18.545,-7.09,285.111,0.0,0
2.9870,-18.633,-15.99,284.845,0.0,0
2.9920,-18.721,-19.96,284.756,0.0,0
2.9970,-18.809,-18.14,284.490,0.0,0
3.0020,-18.984,-25.23,284.845,0.0,0
3.0070,-19.248,-40.01,284.668,0.0,0
3.0120,-19.512,-47.78,284.756,0.0,0
3.0170,-19.687,-41.96,284.934,0.0,0
3.0220,-19.775,-29.55,284.402,0.0,0
3.0270,-19.863,-28.27,284.579,0.0,0
3.0320,-19.863,-12.55,284.490,0.0,0
3.0370,-19.951,-13.47,284.756,0.0,0
3.0420,-20.039,-18.84,284.756,0.0,0
3.0470,-20.127,-19.29,284.668,0.0,0
3.0520,-20.127,-8.56,284.845,0.0,0
3.0570,-20.215,-11.69,284.579,0.0,0
3.0620,-20.303,-18.04,284.668,0.0,0
3.0670,-20.303,-8.00,284.756,0.0,0
3.0720,-20.391,-13.46,284.845,0.0,0
3.0770,-20.391,-5.97,284.845,0.0,0
3.0820,-20.391,-2.65,284.756,0.0,0
3.0870,-20.215,17.64,284.934,0.0,0
3.0920,-20.039,29.96,284.845,0.0,0
3.0970,-19.863,34.05,284.934,0.0,0
3.1020,-19.687,35.85,284.845,0.0,0
3.1070,-19.512,36.66,284.579,0.0,0
3.1120,-19.336,35.10,284.756,0.0,0
3.1170,-19.160,35.46,284.756,0.0,0
3.1220,-18.984,33.33,284.756,0.0,0
3.1270,-18.721,43.59,284.934,0.0,0
3.1320,-18.633,28.63,285.199,0.0,0
3.1380,-18.457,28.67,285.022,0.0,0
3.1430,-18.281,28.67,285.022,0.0,0
3.1480,-18.105,30.32,285.199,0.0,0
3.1530,-18.018,24.39,285.199,0.0,0
3.1580,-18.018,10.82,285.377,0.0,0
3.1630,-17.930,18.51,285.288,0.0,0
3.1680,-18.018,0.32,285.288,0.0,0
3.1730,-18.105,-7.75,285.288,0.0,0
3.1780,-18.193,-11.33,285.288,0.0,0
3.1830,-18.281,-14.31,285.377,0.0,0
3.1880,-18.369,-19.20,285.465,0.0,0
3.1930,-18.457,-19.45,285.554,0.0,0
3.1980,-18.457,-8.63,285.465,0.0,0
3.2030,-18.545,-13.12,285.377,0.0,0
3.2080,-18.457,2.44,285.377,0.0,0
3.2130,-18.457,1.08,285.643,0.0,0
3.2180,-18.281,20.00,285.643,0.0,0
3.2230,-18.193,19.81,285.465,0.0,0
3.2280,-18.105,19.71,285.643,0.0,0
3.2330,-18.105,8.75,285.554,0.0,0
3.2380,-18.105,3.88,285.731,0.0,0
3.2430,-18.105,1.72,285.820,0.0,0
3.2480,-18.193,-8.94,285.908,0.0,0
3.2530,-18.193,-4.67,285.820,0.0,0
3.2580,-18.281,-11.78,285.908,0.0,0
3.2630,-18.369,-18.07,285.997,0.0,0
3.2680,-18.457,-17.31,286.086,0.0,0
3.2730,-18.281,16.10,286.174,0.0,0
3.2780,-17.930,41.93,286.174,0.0,0
3.2830,-17.578,56.95,286.440,0.0,0
3.2880,-17.139,71.50,286.440,0.0,0
3.2930,-16.699,79.36,286.529,0.0,0
3.2980,-16.348,82.34,286.352,0.0,0
3.3030,-15.908,84.18,286.706,0.0,0
3.3080,-15.645,66.15,286.706,0.0,0
3.3130,-15.293,67.70,286.795,0.0,0
3.3180,-15.205,37.93,286.617,0.0,0
3.3230,-15.117,23.50,286.529,0.0,0
3.3280,-15.205,-0.50,286.440,0.0,0
3.3330,-15.469,-30.67,286.263,0.0,0
3.3380,-15.645,-32.42,286.352,0.0,0
3.3430,-15.820,-39.08,285.908,0.0,0
3.3480,-15.908,-25.24,286.086,0.0,0
3.3530,-16.172,-40.02,286.086,0.0,0
3.3580,-16.348,-39.89,286.174,0.0,0
3.3630,-16.436,-25.59,285.908,0.0,0
3.3680,-16.260,12.43,286.174,0.0,0
3.3730,-15.908,45.25,285.997,0.0,0
3.3780,-15.469,67.72,286.174,0.0,0
3.3830,-14.941,86.97,286.086,0.0,0
3.3890,-14.678,75.40,285.908,0.0,0
3.3940,-14.063,100.61,285.997,0.0,0
3.3990,-13.447,111.10,285.997,0.0,0
3.4040,-12.744,126.98,285.997,0.0,0
3.4090,-12.041,134.01,285.731,0.0,0
3.4140,-11.250,146.85,285.908,0.0,0
3.4190,-10.371,163.99,285.908,0.0,0
3.4240,-9.492,168.03,286.086,0.0,0
3.4290,-8.438,192.00,285.997,0.0,0
3.4340,-7.646,192.99,285.997,0.0,0
3.4390,-6.504,212.58,285.643,0.0,0
3.4440,-5.361,219.66,285.908,0.0,0
3.4490,-4.131,227.51,285.820,0.0,0
3.4540,-2.813,243.89,285.908,0.0,0
3.4590,-1.582,243.23,285.908,0.0,0
3.4640,-0.352,241.54,285.820,0.0,0
3.4690,0.967,248.69,285.820,0.0,0
3.4740,2.197,242.35,285.820,0.0,0
3.4790,3.164,241.40,285.643,0.0,0
3.4840,4.131,211.67,285.731,0.0,0
3.4890,5.273,216.60,285.731,0.0,0
3.4940,6.328,210.21,285.731,0.0,0
3.4990,7.383,207.36,285.820,0.0,0
3.5040,8.525,214.69,285.731,0.0,0
3.5090,9.580,209.36,285.820,0.0,0
3.5140,10.635,204.11,285.731,0.0,0
3.5190,11.602,192.52,285.643,0.0,0
3.5240,12.305,182.34,285.643,0.0,0
3.5290,13.008,156.64,285.377,0.0,0
3.5340,13.887,164.79,285.377,0.0,0
3.5390,14.766,168.38,285.643,0.0,0
3.5440,15.820,187.58,285.643,0.0,0
3.5490,16.875,197.33,285.465,0.0,0
3.5540,17.930,202.34,285.465,0.0,0
3.5590,18.896,195.99,285.643,0.0,0
3.5640,19.863,193.19,285.554,0.0,0
3.5690,20.566,182.66,285.554,0.0,0
3.5740,21.533,185.62,285.377,0.0,0
3.5790,22.500,185.55,285.465,0.0,0
3.5840,23.467,184.27,285.377,0.0,0
3.5890,24.434,183.72,285.377,0.0,0
3.5940,25.312,176.79,285.465,0.0,0
3.5990,26.016,154.91,285.288,0.0,0
3.6040,26.543,125.65,285.554,0.0,0
3.6090,26.982,103.40,285.288,0.0,0
3.6140,27.334,94.88,285.377,0.0,0
3.6190,27.598,70.21,285.288,0.0,0
3.6240,27.949,67.85,285.908,0.0,0
3.6290,28.125,48.94,285.465,0.0,0
3.6340,28.301,39.32,285.288,0.0,0
3.6390,28.477,33.41,285.377,0.0,0
3.6440,28.564,22.71,285.377,0.0,0
3.6490,28.652,19.36,285.288,0.0,0
3.6550,28.652,8.59,285.288,0.0,0
3.6600,28.652,4.48,285.377,0.0,0
3.6650,28.740,8.66,285.377,0.0,0
3.6700,28.652,-7.08,285.377,0.0,0
3.6750,28.301,-42.89,285.377,0.0,0
3.6800,27.861,-66.66,285.199,0.0,0
3.6850,27.510,-64.36,286.174,0.0,0
3.6900,27.246,-57.38,285.288,0.0,0
3.6950,26.895,-68.34,285.199,0.0,0
3.7000,26.367,-92.23,285.377,0.0,0
3.7050,25.928,-99.99,285.377,0.0,0
3.7100,25.488,-90.38,285.288,0.0,0
3.7150,25.049,-85.82,285.377,0.0,0
3.7200,24.521,-96.65,285.111,0.0,0
3.7250,23.818,-122.20,285.288,0.0,0
3.7300,23.203,-124.02,285.288,0.0,0
3.7350,22.588,-123.41,285.377,0.0,0
3.7400,22.061,-113.32,285.377,0.0,0
3.7450,21.533,-104.58,285.199,0.0,0
3.7500,20.918,-125.50,285.288,0.0,0
3.7550,20.215,-130.22,285.465,0.0,0
3.7600,19.336,-153.07,285.377,0.0,0
3.7650,18.545,-156.54,285.377,0.0,0
3.7700,17.842,-147.12,285.465,0.0,0
3.7750,16.963,-160.55,285.377,0.0,0
3.7800,15.996,-179.38,285.377,0.0,0
3.7850,15.029,-184.14,285.288,0.0,0
3.7900,14.063,-186.82,285.377,0.0,0
3.7950,13.447,-170.07,285.377,0.0,0
3.8000,12.568,-166.47,285.643,0.0,0
3.8050,11.514,-189.90,285.199,0.0,0
3.8100,10.371,-211.21,284.934,0.0,0
3.8150,8.965,-249.51,285.288,0.0,0
3.8200,7.471,-273.82,285.377,0.0,0
3.8250,5.801,-299.21,285.465,0.0,0
3.8300,4.131,-310.44,285.377,0.0,0
3.8350,2.637,-300.16,285.288,0.0,0
3.8400,1.846,-247.81,285.377,0.0,0
3.8450,1.143,-181.45,285.643,0.0,0
3.8500,0.527,-145.75,285.465,0.0,0
3.8550,-0.352,-159.94,285.377,0.0,0
3.8600,-1.494,-193.12,285.377,0.0,0
3.8650,-2.549,-196.94,285.731,0.0,0
3.8700,-3.252,-160.52,284.845,0.0,0
3.8750,-3.867,-136.46,285.731,0.0,0
3.8800,-4.658,-147.92,285.554,0.0,0
3.8850,-5.449,-169.98,285.554,0.0,0
3.8900,-6.328,-170.71,285.465,0.0,0
3.8950,-7.031,-148.88,285.377,0.0,0
3.9000,-7.559,-120.37,285.377,0.0,0
3.9060,-7.910,-94.38,285.554,0.0,0
3.9110,-8.350,-89.51,285.377,0.0,0
3.9160,-8.789,-87.36,285.465,0.0,0
3.9210,-9.229,-86.40,285.643,0.0,0
3.9260,-9.668,-85.97,285.643,0.0,0
3.9310,-9.844,-65.09,285.643,0.0,0
3.9360,-10.283,-75.31,285.643,0.0,0
3.9410,-10.635,-73.15,285.731,0.0,0
3.9460,-10.986,-69.18,285.731,0.0,0
3.9510,-11.338,-67.40,285.731,0.0,0
3.9560,-11.602,-58.73,285.643,0.0,0
3.9610,-11.777,-42.01,285.731,0.0,0
3.9660,-12.129,-57.00,285.554,0.0,0
3.9710,-12.305,-44.11,285.554,0.0,0
3.9760,-12.568,-54.65,285.554,0.0,0
3.9810,-12.832,-54.70,285.643,0.0,0
3.9860,-13.008,-43.08,285.731,0.0,0
3.9910,-13.271,-47.92,285.820,0.0,0
3.9960,-13.447,-40.07,285.465,0.0,0
4.0010,-13.623,-38.53,285.643,0.0,0
4.0060,-13.711,-26.38,285.643,0.0,0
4.0110,-13.887,-27.67,285.820,0.0,0
4.0160,-14.063,-28.23,285.908,0.0,0
4.0210,-14.238,-36.87,285.643,0.0,0
4.0260,-14.326,-25.65,285.731,0.0,0
4.0310,-14.502,-27.34,285.820,0.0,0
4.0360,-14.678,-29.73,285.731,0.0,0
4.0410,-14.766,-24.12,285.731,0.0,0
4.0460,-14.766,-10.70,285.731,0.0,0
4.0510,-14.854,-11.42,285.022,0.0,0
4.0560,-14.854,-5.07,285.820,0.0,0
4.0610,-14.854,-2.25,285.731,0.0,0
4.0660,-14.854,-1.17,285.554,0.0,0
4.0710,-14.766,6.15,285.820,0.0,0
4.0760,-14.678,13.65,285.731,0.0,0
4.0810,-14.678,6.06,285.643,0.0,0
4.0860,-14.678,2.69,285.643,0.0,0
4.0910,-14.590,10.48,285.820,0.0,0
4.0960,-14.590,4.65,285.465,0.0,0
4.1010,-14.502,8.73,285.820,0.0,0
4.1060,-14.326,23.40,285.731,0.0,0
4.1110,-14.238,25.08,285.820,0.0,0
4.1160,-14.150,20.42,285.820,0.0,0
4.1210,-13.975,28.58,285.643,0.0,0
4.1260,-13.799,30.28,285.465,0.0,0
4.1310,-13.535,38.92,285.820,0.0,0
4.1360,-13.271,42.77,285.731,0.0,0
4.1410,-12.920,58.73,285.731,0.0,0
4.1460,-12.656,56.09,285.731,0.0,0
4.1510,-12.217,72.52,284.402,0.0,0
4.1570,-11.865,78.78,285.731,0.0,0
4.1620,-11.426,82.60,285.731,0.0,0
4.1670,-10.811,100.24,285.643,0.0,0
4.1720,-10.020,131.85,285.554,0.0,0
4.1770,-9.404,124.96,285.908,0.0,0
4.1820,-8.701,134.76,285.643,0.0,0
4.1870,-8.086,128.19,285.643,0.0,0
4.1920,-7.471,125.26,285.643,0.0,0
4.1970,-6.855,120.81,285.554,0.0,0
4.2020,-6.240,133.98,285.554,0.0,0
4.2070,-5.537,137.53,285.731,0.0,0
4.2120,-4.746,147.02,285.643,0.0,0
4.2170,-3.867,160.50,285.643,0.0,0
4.2220,-2.900,179.37,285.377,0.0,0
4.2270,-2.021,177.47,285.465,0.0,0
4.2320,-1.143,174.03,285.643,0.0,0
4.2370,-0.264,172.49,285.908,0.0,0
4.2420,0.703,184.65,285.554,0.0,0
4.2470,1.494,191.07,285.465,0.0,0
4.2520,2.549,198.89,285.554,0.0,0
4.2570,3.604,199.50,285.465,0.0,0
4.2620,4.570,190.46,285.554,0.0,0
4.2670,5.537,190.71,285.643,0.0,0
4.2720,6.504,187.79,285.554,0.0,0
4.2770,7.559,196.19,285.199,0.0,0
4.2820,8.613,203.10,285.377,0.0,0
4.2870,9.668,202.98,285.377,0.0,0
4.2920,10.547,208.02,285.377,0.0,0
4.2970,11.602,208.35,285.554,0.0,0
4.3020,12.656,205.31,285.465,0.0,0
4.3070,13.711,205.22,285.199,0.0,0
4.3120,14.678,197.25,285.199,0.0,0
4.3170,15.645,190.69,284.934,0.0,0
4.3220,16.699,200.65,285.288,0.0,0
4.3270,17.666,197.15,285.465,0.0,0
4.3320,18.633,192.06,285.377,0.0,0
4.3370,19.424,191.39,285.111,0.0,0
4.3420,20.391,186.88,285.111,0.0,0
4.3470,21.357,182.94,285.377,0.0,0
4.3520,22.236,176.46,285.111,0.0,0
4.3570,23.027,162.66,284.756,0.0,0
4.3620,23.730,149.85,285.288,0.0,0
4.3670,24.346,134.87,285.288,0.0,0
4.3720,24.873,115.38,285.377,0.0,0
4.3770,25.488,118.37,285.111,0.0,0
4.3820,25.840,102.71,285.199,0.0,0
4.3870,26.367,101.11,285.199,0.0,0
4.3920,26.807,92.50,285.111,0.0,0
4.3970,27.070,69.15,284.934,0.0,0
4.4020,27.334,56.18,285.111,0.0,0
4.4070,27.510,42.54,284.934,0.0,0
4.4120,27.598,26.76,284.668,0.0,0
4.4170,27.773,34.02,285.288,0.0,0
4.4230,27.861,27.23,285.199,0.0,0
4.4280,27.949,27.06,285.022,0.0,0
4.4330,27.861,1.09,285.288,0.0,0
4.4380,27.773,-8.80,285.199,0.0,0
4.4430,27.598,-23.42,285.199,0.0,0
4.4480,27.510,-23.26,285.111,0.0,0
4.4530,27.422,-21.25,285.111,0.0,0
4.4580,27.246,-30.18,285.288,0.0,0
4.4630,26.895,-51.74,285.022,0.0,0
4.4680,26.631,-52.99,285.111,0.0,0
4.4730,26.367,-55.73,285.111,0.0,0
4.4780,26.104,-51.63,285.111,0.0,0
4.4830,25.664,-70.55,285.022,0.0,0
4.4880,25.312,-72.27,285.022,0.0,0
4.4930,24.873,-79.71,285.111,0.0,0
4.4980,24.346,-95.85,285.199,0.0,0
4.5030,23.906,-90.18,285.199,0.0,0
4.5080,23.467,-87.65,285.288,0.0,0
4.5130,22.939,-94.42,285.554,0.0,0
4.5180,22.500,-101.13,285.199,0.0,0
4.5230,21.885,-112.72,284.934,0.0,0
4.5280,21.094,-136.01,285.199,0.0,0
4.5330,20.303,-144.68,285.199,0.0,0
4.5380,19.512,-150.19,285.465,0.0,0
4.5430,18.809,-141.17,285.199,0.0,0
4.5480,17.930,-159.85,285.022,0.0,0
4.5530,17.051,-167.84,285.554,0.0,0
4.5580,16.084,-177.65,285.199,0.0,0
4.5630,15.293,-187.44,285.199,0.0,0
4.5680,14.414,-178.44,285.288,0.0,0
4.5730,13.535,-174.46,285.111,0.0,0
4.5780,12.568,-185.52,285.288,0.0,0
4.5830,11.602,-186.90,284.668,0.0,0
4.5880,10.547,-197.05,285.022,0.0,0
4.5930,9.492,-204.86,284.934,0.0,0
4.5980,8.350,-216.65,285.199,0.0,0
4.6030,7.031,-241.66,285.022,0.0,0
4.6080,5.889,-261.78,285.377,0.0,0
4.6130,4.395,-276.24,285.111,0.0,0
4.6180,2.900,-286.25,284.934,0.0,0
4.6230,1.670,-258.98,285.199,0.0,0
4.6280,0.703,-219.49,285.288,0.0,0
4.6330,-0.088,-183.38,284.934,0.0,0
4.6380,-0.879,-167.35,285.199,0.0,0
4.6430,-1.846,-178.80,285.288,0.0,0
4.6480,-2.900,-190.59,285.288,0.0,0
4.6530,-3.779,-202.04,285.288,0.0,0
4.6580,-4.482,-162.78,285.199,0.0,0
4.6630,-5.010,-126.54,285.465,0.0,0
4.6680,-5.625,-124.53,285.288,0.0,0
4.6730,-6.240,-123.66,285.022,0.0,0
4.6790,-7.031,-139.22,285.820,0.0,0
4.6840,-7.734,-134.91,285.377,0.0,0
4.6890,-8.174,-107.50,285.199,0.0,0
4.6940,-8.525,-81.25,285.022,0.0,0
4.6990,-8.877,-83.35,285.820,0.0,0
4.7040,-9.316,-84.61,285.377,0.0,0
4.7090,-9.844,-91.85,285.199,0.0,0
4.7140,-10.195,-80.50,285.377,0.0,0
4.7190,-10.547,-72.43,285.465,0.0,0
4.7240,-10.811,-59.56,285.554,0.0,0
4.7290,-10.986,-44.03,285.377,0.0,0
4.7340,-11.162,-38.35,285.377,0.0,0
4.7390,-11.338,-34.21,285.377,0.0,0
4.7440,-11.514,-36.62,285.288,0.0,0
4.7490,-11.777,-45.08,285.554,0.0,0
4.7540,-12.041,-48.81,285.377,0.0,0
4.7590,-12.217,-42.42,285.643,0.0,0
4.7640,-12.393,-37.64,285.465,0.0,0
4.7690,-12.656,-45.51,285.465,0.0,0
4.7740,-12.832,-40.95,285.554,0.0,0
4.7790,-12.920,-27.45,285.554,0.0,0
4.7840,-13.096,-31.71,285.554,0.0,0
4.7890,-13.096,-16.55,285.643,0.0,0
4.7940,-13.271,-26.88,285.288,0.0,0
4.7990,-13.359,-22.86,285.465,0.0,0
4.8040,-13.447,-18.03,285.288,0.0,0
4.8090,-13.623,-27.53,285.554,0.0,0
4.8140,-13.711,-21.50,285.465,0.0,0
4.8190,-13.887,-30.29,285.643,0.0,0
4.8240,-13.975,-24.37,285.554,0.0,0
4.8290,-14.063,-20.10,285.377,0.0,0
4.8340,-14.063,-10.49,285.554,0.0,0
4.8390,-14.063,-1.09,285.643,0.0,0
4.8440,-14.063,-0.48,285.554,0.0,0
4.8490,-14.063,-0.21,286.174,0.0,0
4.8540,-14.150,-6.76,285.554,0.0,0
4.8590,-14.150,-3.00,285.554,0.0,0
4.8640,-14.150,-1.33,285.643,0.0,0
4.8690,-14.150,-0.59,286.086,0.0,0
4.8740,-14.150,-0.26,285.643,0.0,0
4.8790,-14.150,-0.14,285.643,0.0,0
4.8840,-14.063,6.61,285.643,0.0,0
4.8890,-13.975,12.23,285.820,0.0,0
4.8940,-13.887,14.71,285.554,0.0,0
4.8990,-13.711,22.49,285.643,0.0,0
4.9040,-13.535,28.79,285.465,0.0,0
4.9090,-13.359,31.61,285.554,0.0,0
4.9140,-13.096,42.85,285.288,0.0,0
4.9190,-12.832,49.05,285.288,0.0,0
4.9250,-12.568,57.25,285.554,0.0,0
4.9300,-12.217,63.75,285.554,0.0,0
4.9350,-11.777,74.00,285.465,0.0,0
4.9400,-11.250,89.77,285.377,0.0,0
4.9450,-10.723,98.41,285.731,0.0,0
4.9500,-10.107,108.48,285.643,0.0,0
4.9550,-9.404,124.61,285.554,0.0,0
4.9600,-8.789,123.66,285.377,0.0,0
4.9650,-8.174,123.28,285.465,0.0,0
4.9700,-7.734,116.20,285.643,0.0,0
4.9750,-7.031,128.02,285.465,0.0,0
4.9800,-6.416,124.65,285.377,0.0,0
4.9850,-5.713,128.45,285.377,0.0,0
4.9900,-4.834,151.05,285.377,0.0,0
4.9950,-3.955,163.94,285.377,0.0,0
5.0000,-3.076,168.03,285.554,0.0,0
5.0050,-2.197,169.85,285.465,0.0,0
5.0100,-1.230,177.30,285.288,0.0,0
5.0150,-0.527,174.40,285.288,0.0,0
5.0200,0.439,181.93,285.288,0.0,0
5.0250,1.406,186.93,284.934,0.0,0
5.0300,2.461,198.96,285.022,0.0,0
5.0350,3.428,192.86,285.554,0.0,0
5.0400,4.395,187.51,285.288,0.0,0
5.0450,5.361,186.36,285.465,0.0,0
5.0500,6.328,187.27,285.377,0.0,0
5.0550,7.295,187.64,284.934,0.0,0
5.0600,8.174,200.50,285.288,0.0,0
5.0650,9.141,195.18,285.199,0.0,0
5.0700,10.195,202.63,285.377,0.0,0
5.0750,11.250,207.31,285.199,0.0,0
5.0800,12.217,196.56,285.288,0.0,0
5.0850,13.271,200.08,285.022,0.0,0
5.0900,14.326,204.82,285.199,0.0,0
5.0950,15.205,186.15,285.288,0.0,0
5.1000,16.172,185.76,285.199,0.0,0
5.1050,16.875,178.81,285.199,0.0,0
5.1100,17.842,181.30,285.111,0.0,0
5.1150,18.809,186.65,285.111,0.0,0
5.1200,19.687,178.10,285.022,0.0,0
5.1250,20.654,180.96,285.377,0.0,0
5.1300,21.445,162.72,284.668,0.0,0
5.1350,22.324,164.85,285.022,0.0,0
5.1400,22.939,139.61,284.934,0.0,0
5.1450,23.643,140.05,285.022,0.0,0
5.1500,23.994,114.03,284.934,0.0,0
5.1550,24.609,114.19,285.022,0.0,0
5.1600,25.137,107.60,284.845,0.0,0
5.1650,25.664,106.31,285.465,0.0,0
5.1700,26.016,86.92,284.756,0.0,0
5.1750,26.367,75.27,284.579,0.0,0
5.1800,26.631,63.44,284.845,0.0,0
5.1850,26.807,50.28,284.845,0.0,0
5.1910,26.807,22.31,284.845,0.0,0
5.1960,26.895,20.94,284.845,0.0,0
5.2010,26.895,9.29,285.022,0.0,0
5.2060,26.982,16.97,284.934,0.0,0
5.2110,26.895,-1.76,285.111,0.0,0
5.2160,26.807,-11.71,284.934,0.0,0
5.2210,26.631,-27.35,284.402,0.0,0
5.2260,26.455,-30.95,284.934,0.0,0
5.2310,26.279,-34.48,284.845,0.0,0
5.2360,26.104,-36.05,284.756,0.0,0
5.2410,25.840,-51.90,284.934,0.0,0
5.2460,25.576,-51.83,284.845,0.0,0
5.2510,25.225,-62.75,284.845,0.0,0
5.2560,24.961,-56.64,284.845,0.0,0
5.2610,24.609,-63.48,284.845,0.0,0
5.2660,24.170,-75.80,284.845,0.0,0
5.2710,23.730,-85.84,285.111,0.0,0
5.2760,23.291,-89.99,284.668,0.0,0
5.2810,22.939,-78.28,284.668,0.0,0
5.2860,22.588,-81.78,285.465,0.0,0
5.2910,22.148,-83.92,284.845,0.0,0
5.2960,21.709,-84.88,284.579,0.0,0
5.3010,21.094,-106.06,284.756,0.0,0
5.3060,20.479,-116.84,284.845,0.0,0
5.3110,19.687,-136.21,284.756,0.0,0
5.3160,18.984,-134.95,284.845,0.0,0
5.3210,18.193,-145.87,284.756,0.0,0
5.3260,17.490,-140.47,284.845,0.0,0
5.3310,16.787,-155.17,284.934,0.0,0
5.3360,15.908,-164.14,284.934,0.0,0
5.3410,15.029,-163.14,284.845,0.0,0
5.3460,14.150,-167.65,284.756,0.0,0
5.3510,13.271,-169.67,284.845,0.0,0
5.3560,12.393,-170.55,284.756,0.0,0
5.3610,11.426,-181.90,284.845,0.0,0
5.3660,10.371,-195.51,284.845,0.0,0
5.3710,9.316,-200.85,284.934,0.0,0
5.3760,8.438,-208.82,284.668,0.0,0
5.3810,7.207,-228.91,284.934,0.0,0
5.3860,5.801,-257.32,284.668,0.0,0
5.3910,4.307,-277.86,285.111,0.0,0
5.3960,2.900,-274.09,284.756,0.0,0
5.4010,1.758,-242.38,284.845,0.0,0
5.4060,0.791,-210.72,284.845,0.0,0
5.4110,0.000,-177.83,284.579,0.0,0
5.4160,-0.791,-169.46,285.022,0.0,0
5.4210,-1.494,-170.28,284.934,0.0,0
5.4260,-2.549,-189.65,284.934,0.0,0
5.4310,-3.516,-187.34,285.022,0.0,0
5.4360,-4.307,-167.48,284.934,0.0,0
5.4410,-4.834,-134.79,285.199,0.0,0
5.4460,-5.361,-118.38,284.934,0.0,0
5.4520,-6.064,-130.22,285.022,0.0,0
5.4570,-6.768,-133.52,285.377,0.0,0
5.4620,-7.471,-132.38,285.022,0.0,0
5.4670,-7.822,-110.02,284.934,0.0,0
5.4720,-8.262,-96.46,285.111,0.0,0
5.4770,-8.613,-81.15,284.934,0.0,0
5.4820,-9.053,-83.65,284.225,0.0,0
5.4870,-9.492,-86.13,285.111,0.0,0
5.4920,-9.844,-76.57,285.199,0.0,0
5.4970,-10.195,-68.75,285.111,0.0,0
5.5020,-10.547,-68.86,285.288,0.0,0
5.5070,-10.811,-60.60,285.022,0.0,0
5.5120,-10.898,-42.55,285.111,0.0,0
5.5170,-11.162,-47.71,285.288,0.0,0
5.5220,-11.338,-43.30,285.199,0.0,0
5.5270,-11.514,-38.03,285.288,0.0,0
5.5320,-11.777,-42.37,285.111,0.0,0
5.5370,-12.041,-47.63,285.199,0.0,0
5.5420,-12.217,-39.95,285.377,0.0,0
5.5470,-12.480,-44.62,285.377,0.0,0
5.5520,-12.744,-48.61,285.288,0.0,0
5.5570,-12.832,-34.66,285.288,0.0,0
5.5620,-13.008,-36.13,285.465,0.0,0
5.5670,-13.096,-26.96,285.288,0.0,0
5.5720,-13.184,-22.89,285.111,0.0,0
5.5770,-13.271,-19.45,285.377,0.0,0
5.5820,-13.359,-17.91,285.199,0.0,0
5.5870,-13.359,-7.95,285.465,0.0,0
5.5920,-13.447,-10.20,285.288,0.0,0
5.5970,-13.535,-11.19,285.377,0.0,0
5.6020,-13.623,-15.13,285.465,0.0,0
5.6070,-13.711,-16.00,285.199,0.0,0
5.6120,-13.799,-16.39,285.377,0.0,0
5.6170,-13.799,-7.27,285.199,0.0,0
5.6220,-13.887,-16.08,285.288,0.0,0
5.6270,-13.887,-12.10,285.199,0.0,0
5.6320,-13.887,-5.37,285.377,0.0,0
5.6370,-13.887,-2.38,285.465,0.0,0
5.6420,-13.887,-1.06,285.377,0.0,0
5.6470,-13.887,-0.55,285.288,0.0,0
5.6520,-13.887,-0.24,285.199,0.0,0
5.6570,-13.799,9.18,285.199,0.0,0
5.6620,-13.711,15.00,285.288,0.0,0
5.6670,-13.623,15.95,285.377,0.0,0
5.6720,-13.447,26.59,285.377,0.0,0
5.6770,-13.271,32.56,285.377,0.0,0
5.6820,-13.096,35.20,284.756,0.0,0
5.6870,-12.920,33.22,285.465,0.0,0
5.6930,-12.744,38.04,285.377,0.0,0
5.6980,-12.393,55.23,285.377,0.0,0
5.7030,-12.129,53.31,285.377,0.0,0
5.7080,-11.689,71.30,285.288,0.0,0
5.7130,-11.250,79.27,285.288,0.0,0
5.7180,-10.811,82.81,284.490,0.0,0
5.7230,-10.195,101.97,285.111,0.0,0
5.7280,-9.580,111.71,285.111,0.0,0
5.7330,-9.053,106.48,285.199,0.0,0
5.7380,-8.525,115.29,285.111,0.0,0
5.7430,-7.998,106.69,284.845,0.0,0
5.7480,-7.383,112.57,285.199,0.0,0
5.7530,-6.768,115.18,285.022,0.0,0
5.7580,-6.064,129.21,285.199,0.0,0
5.7630,-5.361,131.85,285.288,0.0,0
5.7680,-4.482,152.40,285.111,0.0,0
5.7730,-3.516,174.51,285.643,0.0,0
5.7780,-2.725,166.04,285.111,0.0,0
5.7830,-2.021,168.52,285.111,0.0,0
5.7880,-1.143,170.06,285.465,0.0,0
5.7930,-0.264,170.73,284.845,0.0,0
5.7980,0.615,171.02,285.111,0.0,0
5.8030,1.494,171.17,285.465,0.0,0
5.8080,2.461,180.53,285.111,0.0,0
5.8130,3.428,183.27,284.934,0.0,0
5.8180,4.307,176.61,285.554,0.0,0
5.8230,5.273,181.93,284.934,0.0,0
5.8280,5.977,178.26,285.022,0.0,0
5.8330,6.943,181.03,285.022,0.0,0
5.8380,7.910,183.50,284.934,0.0,0
5.8430,8.877,187.62,284.845,0.0,0
5.8480,9.844,187.80,284.934,0.0,0
5.8530,10.898,198.11,284.845,0.0,0
5.8580,11.865,194.11,285.022,0.0,0
5.8630,12.832,190.69,285.022,0.0,0
5.8680,13.799,189.16,284.756,0.0,0
5.8730,14.502,180.58,284.845,0.0,0
5.8780,15.469,188.26,284.668,0.0,0
5.8830,16.348,178.82,284.668,0.0,0
5.8880,17.227,174.61,284.756,0.0,0
5.8930,18.193,183.68,284.934,0.0,0
5.8980,19.072,179.38,284.402,0.0,0
5.9030,19.951,174.86,284.579,0.0,0
5.9080,20.742,160.02,284.756,0.0,0
5.9130,21.533,153.43,284.579,0.0,0
5.9180,22.061,139.78,284.490,0.0,0
5.9230,22.676,125.61,283.959,0.0,0
5.9280,23.203,111.27,284.136,0.0,0
5.9330,23.818,114.60,284.402,0.0,0
5.9380,24.346,109.42,284.579,0.0,0
5.9430,24.697,86.90,284.402,0.0,0
5.9480,25.137,86.19,284.402,0.0,0
5.9530,25.400,68.29,284.402,0.0,0
5.9590,25.576,49.13,284.313,0.0,0
5.9640,25.752,46.35,284.402,0.0,0
5.9690,25.840,29.85,284.579,0.0,0
5.9740,25.928,24.17,284.225,0.0,0
5.9790,25.928,10.72,284.313,0.0,0
5.9840,25.928,4.76,284.490,0.0,0
5.9890,26.016,13.58,284.402,0.0,0
5.9940,25.928,-1.87,283.604,0.0,0
5.9990,25.752,-18.43,284.402,0.0,0
6.0040,25.576,-28.93,284.313,0.0,0
6.0090,25.488,-24.38,284.490,0.0,0
6.0140,25.225,-39.62,284.402,0.0,0
6.0190,25.049,-38.33,284.579,0.0,0
6.0240,24.785,-43.89,284.490,0.0,0
6.0290,24.434,-54.26,284.490,0.0,0
6.0340,24.082,-62.42,284.402,0.0,0
6.0390,23.730,-68.67,284.402,0.0,0
6.0440,23.379,-71.44,284.402,0.0,0
6.0490,23.027,-70.05,284.402,0.0,0
6.0540,22.676,-77.49,284.313,0.0,0
6.0590,22.324,-74.13,283.959,0.0,0
6.0640,21.885,-80.53,284.402,0.0,0
6.0690,21.533,-75.30,284.490,0.0,0
6.0740,21.006,-93.89,284.402,0.0,0
6.0790,20.479,-102.17,284.402,0.0,0
6.0840,19.775,-123.00,284.402,0.0,0
6.0890,19.072,-133.89,284.402,0.0,0
6.0940,18.369,-135.84,284.402,0.0,0
6.0990,17.754,-144.90,284.313,0.0,0
6.1040,17.051,-143.61,284.490,0.0,0
6.1090,16.260,-152.34,284.490,0.0,0
6.1140,15.381,-162.87,284.313,0.0,0
6.1190,14.502,-167.53,284.313,0.0,0
6.1240,13.711,-161.28,284.402,0.0,0
6.1290,12.832,-166.85,284.313,0.0,0
6.1340,12.041,-159.75,284.402,0.0,0
6.1390,11.074,-172.82,284.313,0.0,0
6.1440,10.371,-172.05,284.402,0.0,0
6.1490,9.404,-179.52,284.402,0.0,0
6.1540,8.350,-197.10,284.402,0.0,0
6.1590,7.295,-204.88,284.934,0.0,0
6.1640,5.889,-244.74,284.402,0.0,0
6.1690,4.482,-260.81,284.490,0.0,0
6.1740,3.076,-263.64,284.490,0.0,0
6.1790,1.758,-256.88,284.579,0.0,0
6.1840,0.879,-209.25,284.402,0.0,0
6.1890,0.264,-180.13,284.934,0.0,0
6.1940,-0.439,-159.24,284.402,0.0,0
6.1990,-1.230,-159.28,284.490,0.0,0
6.2040,-2.197,-175.24,284.668,0.0,0
6.2090,-3.340,-201.82,284.313,0.0,0
6.2140,-4.131,-171.97,284.756,0.0,0
6.2200,-4.746,-139.91,284.579,0.0,0
6.2250,-5.273,-120.64,285.465,0.0,0
6.2300,-5.801,-110.45,284.490,0.0,0
6.2350,-6.328,-118.80,284.579,0.0,0
6.2400,-7.031,-129.15,284.490,0.0,0
6.2450,-7.646,-123.77,284.402,0.0,0
6.2500,-8.086,-100.62,284.490,0.0,0
6.2550,-8.525,-90.91,284.490,0.0,0
6.2600,-8.877,-81.30,284.579,0.0,0
6.2650,-9.141,-66.11,285.199,0.0,0
6.2700,-9.580,-74.36,284.579,0.0,0
6.2750,-9.932,-71.34,284.490,0.0,0
6.2800,-10.195,-67.24,284.579,0.0,0
6.2850,-10.459,-56.72,284.579,0.0,0
6.2900,-10.811,-63.51,284.490,0.0,0
6.2950,-10.986,-48.94,284.756,0.0,0
6.3000,-11.162,-40.54,284.668,0.0,0
6.3050,-11.338,-36.81,284.668,0.0,0
6.3100,-11.514,-33.93,284.756,0.0,0
6.3150,-11.689,-32.24,284.668,0.0,0
6.3200,-11.953,-43.13,284.756,0.0,0
6.3250,-12.129,-42.73,284.579,0.0,0
6.3300,-12.393,-47.76,284.668,0.0,0
6.3350,-12.568,-37.15,284.668,0.0,0
6.3400,-12.832,-45.29,285.111,0.0,0
6.3450,-12.920,-32.96,284.579,0.0,0
6.3500,-12.920,-14.62,284.668,0.0,0
6.3550,-13.008,-13.16,284.579,0.0,0
6.3600,-13.096,-18.70,285.199,0.0,0
6.3650,-13.096,-8.30,284.579,0.0,0
6.3700,-13.184,-12.18,284.579,0.0,0
6.3750,-13.184,-5.40,284.845,0.0,0
6.3800,-13.271,-11.69,284.934,0.0,0
6.3850,-13.271,-5.19,284.402,0.0,0
6.3900,-13.359,-10.19,284.756,0.0,0
6.3950,-13.359,-4.52,284.668,0.0,0
6.4000,-13.359,-2.01,284.845,0.0,0
6.4050,-13.359,-0.89,284.934,0.0,0
6.4100,-13.447,-13.24,284.668,0.0,0
6.4150,-13.447,-9.99,284.845,0.0,0
6.4200,-13.447,-4.43,284.668,0.0,0
6.4250,-13.447,-1.97,284.579,0.0,0
6.4300,-13.359,8.42,284.579,0.0,0
6.4350,-13.359,3.74,284.934,0.0,0
6.4400,-13.271,12.59,284.756,0.0,0
6.4450,-13.184,14.87,284.756,0.0,0
6.4500,-13.008,24.20,284.845,0.0,0
6.4550,-12.832,31.48,284.934,0.0,0
6.4610,-12.744,27.37,284.845,0.0,0
6.4660,-12.480,40.97,284.934,0.0,0
6.4710,-12.217,46.98,284.756,0.0,0
6.4760,-11.953,52.53,284.668,0.0,0
6.4810,-11.602,61.65,284.668,0.0,0
6.4860,-11.250,65.70,284.579,0.0,0
6.4910,-10.811,76.80,285.022,0.0,0
6.4960,-10.283,92.65,284.756,0.0,0
6.5010,-9.756,98.04,284.668,0.0,0
6.5060,-9.316,104.96,284.756,0.0,0
6.5110,-8.789,107.06,284.579,0.0,0
6.5160,-8.262,108.01,284.668,0.0,0
6.5210,-7.734,104.84,284.668,0.0,0
6.5260,-7.207,102.06,284.668,0.0,0
6.5310,-6.592,108.88,284.668,0.0,0
6.5360,-5.889,122.83,284.668,0.0,0
6.5410,-5.098,140.49,284.668,0.0,0
6.5460,-4.219,157.60,284.402,0.0,0
6.5510,-3.516,164.11,284.579,0.0,0
6.5560,-2.725,155.24,284.490,0.0,0
6.5610,-1.758,170.84,284.756,0.0,0
6.5660,-0.879,171.08,284.756,0.0,0
6.5710,-0.088,161.89,284.668,0.0,0
6.5760,0.703,157.83,284.490,0.0,0
6.5810,1.582,165.32,284.490,0.0,0
6.5860,2.461,168.63,285.111,0.0,0
6.5910,3.340,170.09,284.490,0.0,0
6.5960,4.043,170.62,284.579,0.0,0
6.6010,4.922,170.99,284.490,0.0,0
6.6060,5.801,171.14,284.668,0.0,0
6.6110,6.768,180.51,284.579,0.0,0
6.6160,7.734,188.23,284.579,0.0,0
6.6210,8.701,189.73,284.313,0.0,0
6.6260,9.580,182.08,284.402,0.0,0
6.6310,10.547,182.73,284.490,0.0,0
6.6360,11.514,183.01,284.402,0.0,0
6.6410,12.305,185.25,284.934,0.0,0
6.6460,13.271,185.36,284.313,0.0,0
6.6510,14.150,177.53,284.402,0.0,0
6.6560,15.029,174.04,284.402,0.0,0
6.6610,15.908,172.51,284.402,0.0,0
6.6660,16.787,171.81,284.490,0.0,0
6.6710,17.578,164.83,284.313,0.0,0
6.6760,18.457,168.42,284.490,0.0,0
6.6810,19.336,170.01,284.402,0.0,0
6.6860,19.951,159.67,284.313,0.0,0
6.6910,20.742,153.27,284.402,0.0,0
6.6960,21.445,144.44,284.313,0.0,0
6.7010,21.973,119.62,285.022,0.0,0
6.7060,22.500,106.69,284.490,0.0,0
6.7110,23.027,101.66,284.313,0.0,0
6.7160,23.555,100.64,284.136,0.0,0
6.7210,23.994,92.30,284.313,0.0,0
6.7270,24.258,67.85,283.781,0.0,0
6.7320,24.434,54.20,284.225,0.0,0
6.7370,24.609,40.02,284.136,0.0,0
6.7420,24.785,33.71,284.225,0.0,0
6.7470,24.961,33.79,284.313,0.0,0
6.7520,24.961,14.99,284.402,0.0,0
6.7570,24.961,6.65,284.579,0.0,0
6.7620,24.961,-0.18,284.225,0.0,0
6.7670,24.961,-3.64,284.136,0.0,0
6.7720,24.961,-1.61,284.402,0.0,0
6.7770,24.873,-10.14,284.402,0.0,0
6.7820,24.697,-22.09,284.225,0.0,0
6.7870,24.521,-28.63,284.047,0.0,0
6.7920,24.346,-31.52,284.136,0.0,0
6.7970,24.082,-44.02,284.313,0.0,0
6.8020,23.730,-60.50,284.225,0.0,0
6.8070,23.467,-58.53,284.225,0.0,0
6.8120,23.203,-54.08,284.225,0.0,0
6.8170,22.852,-62.35,284.313,0.0,0
6.8220,22.588,-64.18,284.313,0.0,0
6.8270,22.236,-68.23,284.313,0.0,0
6.8320,21.797,-77.91,284.225,0.0,0
6.8370,21.445,-71.29,284.225,0.0,0
6.8420,21.094,-69.98,284.225,0.0,0
6.8470,20.654,-78.70,284.136,0.0,0
6.8520,20.215,-86.82,284.047,0.0,0
6.8570,19.775,-86.17,284.402,0.0,0
6.8620,19.072,-114.67,284.136,0.0,0
6.8670,18.545,-120.99,284.225,0.0,0
6.8720,17.842,-128.22,284.402,0.0,0
6.8770,17.139,-133.36,283.427,0.0,0
6.8820,16.436,-137.26,284.579,0.0,0
6.8870,15.732,-136.65,284.225,0.0,0
6.8920,14.854,-152.88,284.136,0.0,0
6.8970,13.975,-163.10,284.402,0.0,0
6.9020,13.184,-156.73,284.313,0.0,0
6.9070,12.393,-156.91,284.225,0.0,0
6.9120,11.777,-150.90,283.959,0.0,0
6.9170,10.811,-171.76,284.225,0.0,0
6.9220,9.932,-173.39,284.313,0.0,0
6.9270,9.053,-172.22,284.402,0.0,0
6.9320,8.086,-180.97,284.402,0.0,0
6.9370,6.943,-202.47,284.313,0.0,0
6.9420,5.625,-232.75,284.313,0.0,0
6.9470,4.219,-255.46,284.225,0.0,0
6.9520,2.813,-265.57,284.225,0.0,0
6.9570,1.846,-250.47,284.313,0.0,0
6.9620,0.879,-219.25,284.313,0.0,0
6.9670,0.264,-165.67,284.668,0.0,0
6.9720,-0.352,-141.91,284.225,0.0,0
6.9770,-1.143,-147.30,284.756,0.0,0
6.9820,-2.197,-180.18,284.313,0.0,0
6.9870,-3.252,-194.05,284.490,0.0,0
6.9930,-4.131,-181.39,284.313,0.0,0
6.9980,-4.746,-145.72,284.136,0.0,0
7.0030,-5.098,-116.98,284.402,0.0,0
7.0080,-5.625,-109.38,284.313,0.0,0
7.0130,-6.152,-107.11,284.402,0.0,0
7.0180,-6.768,-111.12,284.225,0.0,0
7.0230,-7.471,-122.44,284.136,0.0,0
7.0280,-7.998,-111.26,284.313,0.0,0
7.0330,-8.350,-84.15,284.756,0.0,0
7.0380,-8.701,-75.69,284.313,0.0,0
7.0430,-8.965,-61.70,284.490,0.0,0
7.0480,-9.229,-60.27,284.402,0.0,0
7.0530,-9.580,-63.45,284.402,0.0,0
7.0580,-9.932,-66.50,284.845,0.0,0
7.0630,-10.195,-56.39,284.579,0.0,0
7.0680,-10.547,-63.37,284.402,0.0,0
7.0730,-10.811,-58.16,284.313,0.0,0
7.0780,-10.986,-44.64,284.402,0.0,0
7.0830,-11.162,-35.77,284.402,0.0,0
7.0880,-11.426,-43.28,284.402,0.0,0
7.0930,-11.514,-33.51,284.402,0.0,0
7.0980,-11.689,-32.46,284.225,0.0,0
7.1030,-11.953,-43.21,285.111,0.0,0
7.1080,-12.217,-49.21,284.490,0.0,0
7.1130,-12.393,-42.06,284.579,0.0,0
7.1180,-12.568,-36.26,284.490,0.0,0
7.1230,-12.744,-33.69,284.490,0.0,0
7.1280,-12.832,-24.23,284.579,0.0,0
7.1330,-12.920,-23.61,284.490,0.0,0
7.1380,-12.920,-12.33,284.579,0.0,0
7.1430,-13.008,-14.75,284.402,0.0,0
7.1480,-13.008,-6.55,284.668,0.0,0
7.1530,-13.096,-12.61,284.490,0.0,0
7.1580,-13.096,-5.59,284.313,0.0,0
7.1630,-13.184,-13.41,284.402,0.0,0
7.1680,-13.184,-5.95,284.047,0.0,0
7.1730,-13.184,-2.64,285.022,0.0,0
7.1780,-13.184,-1.17,284.668,0.0,0
7.1830,-13.184,-0.61,284.490,0.0,0
7.1880,-13.096,9.01,284.490,0.0,0
7.1930,-13.184,-3.89,284.579,0.0,0
7.1980,-13.184,-1.73,284.845,0.0,0
7.2030,-13.184,-4.33,285.377,0.0,0
7.2080,-13.096,4.75,284.934,0.0,0
7.2130,-13.008,11.39,284.579,0.0,0
7.2180,-12.920,17.92,285.022,0.0,0
7.2230,-12.832,17.23,284.402,0.0,0
7.2290,-12.656,31.14,284.313,0.0,0
7.2340,-12.480,35.97,284.490,0.0,0
7.2390,-12.217,44.76,284.313,0.0,0
7.2440,-11.953,48.66,284.313,0.0,0
7.2490,-11.602,59.94,284.845,0.0,0
7.2540,-11.338,53.48,284.490,0.0,0
7.2590,-10.898,71.37,284.402,0.0,0
7.2640,-10.547,72.63,284.845,0.0,0
7.2690,-10.107,79.87,284.225,0.0,0
7.2740,-9.756,82.62,284.490,0.0,0
7.2790,-9.404,75.01,284.490,0.0,0
7.2840,-8.965,80.92,284.402,0.0,0
7.2890,-8.438,90.21,284.490,0.0,0
7.2940,-7.910,95.56,284.579,0.0,0
7.2990,-7.383,99.34,284.845,0.0,0
7.3040,-6.768,112.47,284.490,0.0,0
7.3090,-6.152,116.37,284.579,0.0,0
7.3140,-5.449,129.73,284.313,0.0,0
7.3190,-4.834,140.27,284.313,0.0,0
7.3240,-3.955,157.51,284.579,0.0,0
7.3290,-3.076,168.74,284.579,0.0,0
7.3340,-2.197,170.16,284.313,0.0,0
7.3390,-1.406,164.11,284.402,0.0,0
7.3440,-0.527,168.08,284.579,0.0,0
7.3490,0.176,152.27,284.490,0.0,0
7.3540,0.879,142.08,284.668,0.0,0
7.3590,1.758,158.33,284.225,0.0,0
7.3640,2.461,164.49,284.313,0.0,0
7.3690,3.252,161.58,284.402,0.0,0
7.3740,4.131,166.98,284.313,0.0,0
7.3790,5.010,171.01,284.313,0.0,0
7.3840,5.889,171.14,284.490,0.0,0
7.3890,6.768,171.22,283.781,0.0,0
7.3940,7.734,177.91,284.402,0.0,0
7.3990,8.613,174.22,284.579,0.0,0
7.4040,9.492,172.57,284.225,0.0,0
7.4090,10.283,181.21,284.313,0.0,0
7.4140,11.162,174.31,284.313,0.0,0
7.4190,12.129,179.28,284.313,0.0,0
7.4240,13.008,174.83,284.225,0.0,0
7.4290,13.887,172.85,284.136,0.0,0
7.4340,14.766,171.96,284.136,0.0,0
7.4390,15.557,163.69,284.313,0.0,0
7.4440,16.436,167.90,284.225,0.0,0
7.4490,17.227,163.11,284.047,0.0,0
7.4540,17.842,156.07,284.136,0.0,0
7.4590,18.633,155.23,284.136,0.0,0
7.4640,19.424,151.30,284.225,0.0,0
7.4690,20.127,140.27,284.402,0.0,0
7.4740,20.830,138.70,284.047,0.0,0
7.4790,21.357,118.46,283.959,0.0,0
7.4840,21.885,111.13,284.225,0.0,0
7.4890,22.324,96.94,284.225,0.0,0
7.4950,22.764,90.65,284.136,0.0,0
7.5000,23.027,75.39,284.047,0.0,0
7.5050,23.291,58.95,284.225,0.0,0
7.5100,23.555,53.04,283.959,0.0,0
7.5150,23.730,44.28,284.225,0.0,0
7.5200,23.818,28.94,284.225,0.0,0
7.5250,23.906,20.74,284.225,0.0,0
7.5300,23.906,9.20,284.225,0.0,0
7.5350,23.906,4.08,284.047,0.0,0
7.5400,23.994,9.71,284.402,0.0,0
7.5450,23.994,5.07,284.047,0.0,0
7.5500,23.906,-10.61,284.225,0.0,0
7.5550,23.818,-15.64,284.579,0.0,0
7.5600,23.643,-26.47,284.136,0.0,0
7.5650,23.467,-33.90,284.136,0.0,0
7.5700,23.291,-37.17,284.225,0.0,0
7.5750,23.115,-35.31,284.136,0.0,0
7.5800,22.764,-54.02,284.136,0.0,0
7.5850,22.588,-41.56,284.225,0.0,0
7.5900,22.324,-51.70,284.136,0.0,0
7.5950,22.061,-49.82,284.313,0.0,0
7.6000,21.709,-58.83,284.136,0.0,0
7.6050,21.270,-73.74,284.225,0.0,0
7.6100,20.918,-73.68,284.225,0.0,0
7.6150,20.654,-59.59,284.225,0.0,0
7.6200,20.215,-74.08,284.047,0.0,0
7.6250,19.863,-73.85,284.225,0.0,0
7.6300,19.424,-80.40,284.136,0.0,0
7.6350,18.984,-95.74,283.870,0.0,0
7.6400,18.369,-112.28,284.225,0.0,0
7.6450,17.754,-116.28,283.870,0.0,0
7.6500,17.051,-128.07,284.047,0.0,0
7.6550,16.436,-123.30,284.313,0.0,0
7.6600,15.732,-132.37,284.136,0.0,0
7.6650,14.941,-147.36,283.959,0.0,0
7.6700,14.150,-152.77,283.959,0.0,0
7.6750,13.359,-155.15,284.136,0.0,0
7.6800,12.744,-153.54,284.225,0.0,0
7.6850,11.953,-156.74,284.225,0.0,0
7.6900,11.162,-158.17,284.136,0.0,0
7.6950,10.371,-152.59,284.136,0.0,0
7.7000,9.404,-170.87,283.959,0.0,0
7.7050,8.613,-164.43,284.225,0.0,0
7.7100,7.646,-177.51,284.313,0.0,0
7.7150,6.504,-205.71,283.870,0.0,0
7.7200,5.273,-227.53,284.047,0.0,0
7.7250,4.131,-249.38,284.136,0.0,0
7.7300,2.813,-253.55,284.225,0.0,0
7.7350,1.670,-233.28,284.225,0.0,0
7.7400,0.791,-198.80,284.225,0.0,0
7.7450,0.176,-156.60,284.579,0.0,0
7.7500,-0.439,-137.89,284.047,0.0,0
7.7550,-1.230,-145.52,284.225,0.0,0
7.7600,-2.285,-177.45,283.959,0.0,0
7.7660,-3.340,-192.82,284.136,0.0,0
7.7710,-3.955,-173.21,284.136,0.0,0
7.7760,-4.570,-143.31,284.047,0.0,0
7.7810,-5.010,-111.22,284.225,0.0,0
7.7860,-5.537,-109.86,284.047,0.0,0
7.7910,-6.064,-107.30,284.225,0.0,0
7.7960,-6.680,-112.43,284.225,0.0,0
7.8010,-7.295,-113.47,284.225,0.0,0
7.8060,-7.822,-107.28,283.870,0.0,0
7.8110,-8.174,-87.34,284.225,0.0,0
7.8160,-8.438,-75.58,283.959,0.0,0
7.8210,-8.701,-61.64,284.313,0.0,0
7.8260,-9.053,-64.05,284.225,0.0,0
7.8310,-9.404,-66.77,284.047,0.0,0
7.8360,-9.668,-56.52,284.225,0.0,0
7.8410,-9.932,-50.57,284.313,0.0,0
7.8460,-10.283,-59.15,284.313,0.0,0
7.8510,-10.547,-56.30,284.402,0.0,0
7.8560,-10.811,-53.78,284.313,0.0,0
7.8610,-10.898,-39.01,284.313,0.0,0
7.8660,-11.162,-46.14,284.490,0.0,0
7.8710,-11.338,-39.30,284.402,0.0,0
7.8760,-11.514,-35.03,284.313,0.0,0
7.8810,-11.689,-31.50,284.402,0.0,0
7.8860,-11.953,-39.48,284.225,0.0,0
7.8910,-12.217,-46.33,284.313,0.0,0
7.8960,-12.305,-31.49,284.225,0.0,0
7.9010,-12.480,-34.72,284.402,0.0,0
7.9060,-12.480,-18.13,284.402,0.0,0
7.9110,-12.656,-27.58,284.313,0.0,0
7.9160,-12.744,-25.09,284.313,0.0,0
7.9210,-12.744,-11.13,284.313,0.0,0
7.9260,-12.832,-14.22,284.313,0.0,0
7.9310,-12.832,-6.31,284.579,0.0,0
7.9360,-12.832,-2.80,284.225,0.0,0
7.9410,-12.920,-7.91,284.490,0.0,0
7.9460,-12.920,-3.51,284.313,0.0,0
7.9510,-12.920,-1.83,284.402,0.0,0
7.9560,-12.920,-0.81,284.402,0.0,0
7.9610,-12.832,6.31,284.047,0.0,0
7.9660,-12.832,2.80,284.225,0.0,0
7.9710,-12.832,1.24,284.225,0.0,0
7.9760,-12.832,0.55,284.313,0.0,0
7.9810,-12.832,0.24,283.781,0.0,0
7.9860,-12.832,0.11,284.313,0.0,0
7.9910,-12.656,20.81,284.225,0.0,0
7.9970,-12.568,23.72,284.225,0.0,0
8.0020,-12.393,32.67,284.402,0.0,0
8.0070,-12.217,34.71,284.579,0.0,0
8.0120,-11.953,45.45,284.579,0.0,0
8.0170,-11.689,47.05,282.895,0.0,0
8.0220,-11.338,57.58,284.490,0.0,0
8.0270,-10.986,66.52,284.402,0.0,0
8.0320,-10.723,59.55,284.313,0.0,0
8.0370,-10.371,63.14,284.225,0.0,0
8.0420,-10.107,64.59,284.490,0.0,0
8.0470,-9.756,63.44,284.313,0.0,0
8.0520,-9.316,75.79,284.313,0.0,0
8.0570,-8.965,68.40,284.313,0.0,0
8.0620,-8.438,84.65,284.313,0.0,0
8.0670,-7.998,85.20,284.313,0.0,0
8.0720,-7.471,92.11,284.313,0.0,0
8.0770,-6.943,97.79,284.668,0.0,0
8.0820,-6.328,111.79,284.225,0.0,0
8.0870,-5.889,108.55,284.402,0.0,0
8.0920,-5.098,134.16,284.313,0.0,0
8.0970,-4.307,146.92,284.490,0.0,0
8.1020,-3.516,152.40,284.225,0.0,0
8.1070,-2.725,150.05,283.959,0.0,0
8.1120,-1.846,161.84,284.313,0.0,0
8.1170,-1.143,146.34,284.402,0.0,0
8.1220,-0.352,149.28,284.136,0.0,0
8.1270,0.352,142.00,284.225,0.0,0
8.1320,0.967,143.11,284.225,0.0,0
8.1370,1.846,158.79,284.136,0.0,0
8.1420,2.637,152.88,284.136,0.0,0
8.1470,3.516,163.12,284.579,0.0,0
8.1520,4.307,158.35,284.313,0.0,0
8.1570,5.186,165.53,284.047,0.0,0
8.1620,6.064,168.73,285.022,0.0,0
8.1670,6.943,170.13,284.136,0.0,0
8.1720,7.822,170.78,283.959,0.0,0
8.1770,8.525,170.97,284.136,0.0,0
8.1820,9.404,171.15,284.047,0.0,0
8.1870,10.195,162.62,284.136,0.0,0
8.1920,11.074,167.44,284.225,0.0,0
8.1970,11.953,169.56,284.047,0.0,0
8.2020,12.832,170.53,284.225,0.0,0
8.2070,13.535,151.41,284.136,0.0,0
8.2120,14.414,161.06,284.136,0.0,0
8.2170,15.205,158.86,283.959,0.0,0
8.2220,15.820,155.48,284.225,0.0,0
8.2270,16.611,156.35,284.047,0.0,0
8.2320,17.402,156.77,283.781,0.0,0
8.2370,18.193,156.93,284.225,0.0,0
8.2420,18.896,145.38,284.313,0.0,0
8.2470,19.512,128.10,284.136,0.0,0
8.2520,20.215,131.91,284.225,0.0,0
8.2570,20.654,104.23,284.136,0.0,0
8.2630,21.182,100.56,284.225,0.0,0
8.2680,21.533,93.41,284.225,0.0,0
8.2730,21.885,76.23,284.047,0.0,0
8.2780,22.236,70.55,283.516,0.0,0
8.2830,22.500,58.19,284.668,0.0,0
8.2880,22.676,43.41,284.136,0.0,0
8.2930,22.764,27.16,284.136,0.0,0
8.2980,22.852,24.90,284.136,0.0,0
8.3030,22.852,11.05,284.136,0.0,0
8.3080,22.939,14.19,283.959,0.0,0
8.3130,22.939,7.41,284.136,0.0,0
8.3180,23.027,9.96,284.047,0.0,0
8.3230,22.939,-8.44,284.047,0.0,0
8.3280,22.939,-3.75,284.047,0.0,0
8.3330,22.764,-17.63,284.047,0.0,0
8.3380,22.676,-18.74,284.047,0.0,0
8.3430,22.500,-27.15,284.136,0.0,0
8.3480,22.324,-30.86,284.047,0.0,0
8.3530,22.061,-39.19,284.225,0.0,0
8.3580,21.797,-52.09,283.870,0.0,0
8.3630,21.621,-43.33,284.225,0.0,0
8.3680,21.357,-46.11,284.225,0.0,0
8.3730,21.006,-57.18,284.047,0.0,0
8.3780,20.654,-63.72,283.870,0.0,0
8.3830,20.303,-68.02,284.136,0.0,0
8.3880,20.039,-60.24,283.959,0.0,0
8.3930,19.687,-66.47,284.225,0.0,0
8.3980,19.424,-56.39,283.959,0.0,0
8.4030,19.072,-70.36,283.693,0.0,0
8.4080,18.721,-69.57,284.047,0.0,0
8.4130,18.105,-96.10,284.047,0.0,0
8.4180,17.490,-109.10,284.136,0.0,0
8.4230,16.787,-124.84,284.136,0.0,0
8.4280,16.172,-125.19,283.781,0.0,0
8.4330,15.645,-112.47,284.136,0.0,0
8.4380,14.941,-126.37,284.136,0.0,0
8.4430,14.150,-143.44,283.959,0.0,0
8.4480,13.535,-148.87,284.225,0.0,0
8.4530,12.744,-152.05,284.225,0.0,0
8.4580,12.041,-143.90,284.313,0.0,0
8.4630,11.338,-138.38,284.225,0.0,0
8.4680,10.547,-145.74,284.402,0.0,0
8.4730,9.668,-161.55,284.136,0.0,0
8.4780,8.877,-159.08,284.047,0.0,0
8.4830,8.086,-154.94,283.959,0.0,0
8.4880,7.119,-174.95,283.161,0.0,0
8.4930,6.240,-195.29,284.225,0.0,0
8.4980,5.098,-213.61,284.313,0.0,0
8.5030,3.779,-236.06,284.136,0.0,0
8.5080,2.461,-247.64,284.579,0.0,0
8.5130,1.406,-221.13,284.136,0.0,0
8.5180,0.615,-182.48,284.136,0.0,0
8.5230,0.088,-136.49,284.313,0.0,0
8.5280,-0.615,-137.02,284.225,0.0,0
8.5340,-1.406,-146.77,284.136,0.0,0
8.5390,-2.197,-166.30,284.225,0.0,0
8.5440,-3.252,-189.81,283.959,0.0,0
8.5490,-3.955,-157.35,284.313,0.0,0
8.5540,-4.570,-138.21,284.313,0.0,0
8.5590,-5.010,-108.96,284.136,0.0,0
8.5640,-5.449,-95.99,284.047,0.0,0
8.5690,-6.064,-109.05,284.225,0.0,0
8.5740,-6.680,-113.62,284.136,0.0,0
8.5790,-7.207,-105.94,284.047,0.0,0
8.5840,-7.646,-104.07,284.313,0.0,0
8.5890,-7.998,-85.93,284.047,0.0,0
8.5940,-8.350,-77.87,284.225,0.0,0
8.5990,-8.613,-66.23,284.136,0.0,0
8.6040,-8.965,-66.09,284.225,0.0,0
8.6090,-9.229,-58.13,284.225,0.0,0
8.6140,-9.580,-64.14,283.693,0.0,0
8.6190,-9.844,-60.13,284.225,0.0,0
8.6240,-10.107,-54.80,284.136,0.0,0
8.6290,-10.371,-58.60,284.225,0.0,0
8.6340,-10.723,-65.74,284.402,0.0,0
8.6390,-10.898,-46.35,284.225,0.0,0
8.6440,-11.074,-39.40,284.313,0.0,0
8.6490,-11.250,-35.08,284.402,0.0,0
8.6540,-11.426,-36.31,284.313,0.0,0
8.6590,-11.602,-38.25,284.225,0.0,0
8.6640,-11.777,-35.78,284.225,0.0,0
8.6690,-12.041,-44.68,283.516,0.0,0
8.6740,-12.129,-34.26,284.225,0.0,0
8.6790,-12.217,-21.87,284.313,0.0,0
8.6840,-12.393,-25.67,284.225,0.0,0
8.6890,-12.480,-19.29,284.225,0.0,0
8.6940,-12.568,-16.46,284.225,0.0,0
8.6990,-12.656,-18.22,284.225,0.0,0
8.7040,-12.656,-8.09,284.313,0.0,0
8.7090,-12.656,-3.59,284.136,0.0,0
8.7140,-12.744,-8.26,284.490,0.0,0
8.7190,-12.744,-4.31,284.136,0.0,0
8.7240,-12.744,-1.91,284.313,0.0,0
8.7290,-12.744,-0.85,284.225,0.0,0
8.7340,-12.656,6.30,284.402,0.0,0
8.7390,-12.656,2.79,284.225,0.0,0
8.7440,-12.656,1.24,284.225,0.0,0
8.7490,-12.568,11.75,284.313,0.0,0
8.7540,-12.568,5.21,284.313,0.0,0
8.7590,-12.480,11.61,284.313,0.0,0
8.7640,-12.393,16.98,284.136,0.0,0
8.7700,-12.305,16.82,285.288,0.0,0
8.7750,-12.129,25.06,284.136,0.0,0
8.7800,-11.865,42.80,284.136,0.0,0
8.7850,-11.689,37.82,284.047,0.0,0
8.7900,-11.426,42.26,284.047,0.0,0
8.7950,-11.074,57.10,284.136,0.0,0
8.8000,-10.811,54.16,284.313,0.0,0
8.8050,-10.547,54.06,284.225,0.0,0
8.8100,-10.371,48.45,284.225,0.0,0
8.8150,-10.020,59.84,284.313,0.0,0
8.8200,-9.668,61.34,284.313,0.0,0
8.8250,-9.229,74.85,284.845,0.0,0
8.8300,-8.877,72.95,284.225,0.0,0
8.8350,-8.438,80.01,284.136,0.0,0
8.8400,-7.998,83.13,284.225,0.0,0
8.8450,-7.559,84.53,284.225,0.0,0
8.8500,-7.031,93.03,284.225,0.0,0
8.8550,-6.592,98.78,284.313,0.0,0
8.8600,-5.977,110.29,284.225,0.0,0
8.8650,-5.273,128.25,284.225,0.0,0
8.8700,-4.570,136.22,284.579,0.0,0
8.8750,-3.779,147.84,284.313,0.0,0
8.8800,-2.988,151.57,283.959,0.0,0
8.8850,-2.197,153.25,284.225,0.0,0
8.8900,-1.494,142.52,284.136,0.0,0
8.8950,-0.703,149.23,284.313,0.0,0
8.9000,-0.088,150.45,284.668,0.0,0
8.9050,0.615,147.46,284.136,0.0,0
8.9100,1.318,141.18,284.047,0.0,0
8.9150,2.197,157.91,284.136,0.0,0
8.9200,2.988,158.68,284.047,0.0,0
8.9250,3.779,154.74,284.225,0.0,0
8.9300,4.570,152.74,283.959,0.0,0
8.9350,5.449,163.04,284.047,0.0,0
8.9400,6.240,158.33,284.402,0.0,0
8.9450,7.031,172.34,284.047,0.0,0
8.9500,7.734,152.22,284.136,0.0,0
8.9550,8.613,162.81,284.136,0.0,0
8.9600,9.404,159.63,283.959,0.0,0
8.9650,10.195,156.55,284.313,0.0,0
8.9700,11.074,164.75,284.047,0.0,0
8.9750,11.865,159.08,284.047,0.0,0
8.9800,12.656,156.59,284.136,0.0,0
8.9850,13.447,155.46,283.959,0.0,0
8.9900,14.063,155.15,283.959,0.0,0
8.9950,14.766,144.59,284.047,0.0,0
9.0000,15.557,151.55,284.225,0.0,0
9.0050,16.260,143.68,284.047,0.0,0
9.0100,16.963,138.28,284.136,0.0,0
9.0150,17.666,134.47,284.313,0.0,0
9.0200,18.369,132.81,284.934,0.0,0
9.0250,19.072,135.39,284.136,0.0,0
9.0310,19.600,118.64,283.959,0.0,0
9.0360,19.951,102.85,284.136,0.0,0
9.0410,20.391,93.28,284.047,0.0,0
9.0460,20.830,89.03,283.959,0.0,0
9.0510,21.270,87.14,283.516,0.0,0
9.0560,21.533,67.47,284.225,0.0,0
9.0610,21.797,56.83,283.959,0.0,0
9.0660,21.885,33.11,284.047,0.0,0
9.0710,21.973,23.98,284.136,0.0,0
9.0760,21.973,10.64,284.047,0.0,0
9.0810,21.973,5.55,284.047,0.0,0
9.0860,21.973,2.46,284.225,0.0,0
9.0910,21.973,1.09,284.136,0.0,0
9.0960,22.061,13.33,284.047,0.0,0
9.1010,21.973,-3.38,284.225,0.0,0
9.1060,21.885,-12.43,284.047,0.0,0
9.1110,21.797,-14.81,283.959,0.0,0
9.1160,21.621,-25.39,283.781,0.0,0
9.1210,21.445,-28.87,284.047,0.0,0
9.1260,21.357,-24.36,284.047,0.0,0
9.1310,21.094,-36.30,284.225,0.0,0
9.1360,20.830,-39.96,284.756,0.0,0
9.1410,20.479,-56.08,283.959,0.0,0
9.1460,20.215,-56.58,284.313,0.0,0
9.1510,20.039,-43.94,283.870,0.0,0
9.1560,19.687,-56.22,283.959,0.0,0
9.1610,19.424,-50.43,284.047,0.0,0
9.1660,19.072,-60.74,283.959,0.0,0
9.1710,18.896,-51.92,284.136,0.0,0
9.1760,18.633,-49.93,284.047,0.0,0
9.1810,18.193,-68.58,284.136,0.0,0
9.1860,17.754,-78.06,283.959,0.0,0
9.1910,17.139,-103.03,284.047,0.0,0
9.1960,16.523,-114.10,284.136,0.0,0
9.2010,15.908,-117.80,283.870,0.0,0
9.2060,15.381,-112.77,283.959,0.0,0
9.2110,14.854,-106.95,284.136,0.0,0
9.2160,14.326,-115.54,284.136,0.0,0
9.2210,13.447,-146.55,284.136,0.0,0
9.2260,12.656,-153.63,283.516,0.0,0
9.2310,12.041,-134.64,284.225,0.0,0
9.2360,11.338,-137.42,283.959,0.0,0
9.2410,10.635,-138.67,284.313,0.0,0
9.2460,9.844,-147.51,284.047,0.0,0
9.2510,8.965,-160.72,284.136,0.0,0
9.2560,8.174,-159.92,284.136,0.0,0
9.2610,7.471,-168.87,284.579,0.0,0
9.2660,6.592,-170.21,283.959,0.0,0
9.2710,5.537,-191.54,284.136,0.0,0
9.2760,4.307,-218.62,283.781,0.0,0
9.2810,3.076,-232.01,284.136,0.0,0
9.2860,1.934,-223.73,284.845,0.0,0
9.2910,0.967,-201.21,284.136,0.0,0
9.2960,0.352,-157.66,283.959,0.0,0
9.3020,-0.264,-139.75,283.870,0.0,0
9.3070,-0.791,-137.65,284.136,0.0,0
9.3120,-1.670,-157.77,284.047,0.0,0
9.3170,-2.549,-166.50,284.313,0.0,0
9.3220,-3.428,-169.16,284.047,0.0,0
9.3270,-4.043,-138.66,284.225,0.0,0
9.3320,-4.570,-117.05,284.047,0.0,0
9.3370,-5.010,-99.57,283.870,0.0,0
9.3420,-5.537,-99.71,284.402,0.0,0
9.3470,-6.152,-112.63,284.047,0.0,0
9.3520,-6.592,-110.64,283.870,0.0,0
9.3570,-7.119,-106.01,284.313,0.0,0
9.3620,-7.559,-94.67,284.047,0.0,0
9.3670,-7.822,-70.11,284.225,0.0,0
9.3720,-8.174,-67.81,284.136,0.0,0
9.3770,-8.438,-56.98,284.313,0.0,0
9.3820,-8.789,-61.98,284.845,0.0,0
9.3870,-9.053,-54.39,284.136,0.0,0
9.3920,-9.404,-62.47,284.490,0.0,0
9.3970,-9.580,-52.83,284.136,0.0,0
9.4020,-9.932,-61.79,284.047,0.0,0
9.4070,-10.283,-67.17,284.136,0.0,0
9.4120,-10.547,-57.92,284.136,0.0,0
9.4170,-10.811,-54.53,284.136,0.0,0
9.4220,-10.986,-44.96,283.959,0.0,0
9.4270,-11.074,-29.24,284.136,0.0,0
9.4320,-11.250,-30.57,284.313,0.0,0
9.4370,-11.426,-33.78,284.136,0.0,0
9.4420,-11.602,-39.77,284.402,0.0,0
9.4470,-11.777,-38.40,284.225,0.0,0
9.4520,-11.865,-26.32,284.313,0.0,0
9.4570,-12.041,-29.28,283.870,0.0,0
9.4620,-12.129,-22.27,284.136,0.0,0
9.4670,-12.217,-17.77,284.313,0.0,0
9.4720,-12.305,-20.75,284.136,0.0,0
9.4770,-12.305,-9.21,284.313,0.0,0
9.4820,-12.393,-11.98,284.136,0.0,0
9.4870,-12.393,-6.25,284.225,0.0,0
9.4920,-12.393,-2.77,284.136,0.0,0
9.4970,-12.393,-1.23,284.136,0.0,0
9.5020,-12.305,8.74,284.402,0.0,0
9.5070,-12.305,3.88,284.313,0.0,0
9.5120,-12.217,11.00,284.047,0.0,0
9.5170,-12.217,4.88,283.781,0.0,0
9.5220,-12.129,8.84,284.136,0.0,0
9.5270,-12.129,3.92,284.136,0.0,0
9.5320,-12.041,12.98,284.313,0.0,0
9.5380,-12.041,5.76,284.402,0.0,0
9.5430,-11.865,22.07,284.136,0.0,0
9.5480,-11.777,20.72,284.490,0.0,0
9.5530,-11.602,28.72,284.313,0.0,0
9.5580,-11.426,29.93,284.225,0.0,0
9.5630,-11.162,40.16,284.136,0.0,0
9.5680,-10.898,43.31,284.136,0.0,0
9.5730,-10.635,48.05,284.225,0.0,0
9.5780,-10.459,45.30,284.225,0.0,0
9.5830,-10.195,46.98,284.225,0.0,0
9.5880,-9.844,55.62,284.225,0.0,0
9.5930,-9.492,63.03,284.225,0.0,0
9.5980,-9.141,67.72,284.225,0.0,0
9.6030,-8.789,69.78,284.490,0.0,0
9.6080,-8.438,65.75,284.136,0.0,0
9.6130,-7.998,75.60,284.313,0.0,0
9.6180,-7.559,81.19,284.136,0.0,0
9.6230,-7.207,83.30,284.225,0.0,0
9.6280,-6.592,104.11,284.047,0.0,0
9.6330,-6.064,103.13,284.313,0.0,0
9.6380,-5.449,110.98,284.225,0.0,0
9.6430,-4.746,123.76,284.313,0.0,0
9.6480,-4.043,126.42,284.136,0.0,0
9.6530,-3.164,148.74,284.136,0.0,0
9.6580,-2.461,141.76,284.225,0.0,0
9.6630,-1.758,137.42,284.668,0.0,0
9.6680,-1.143,144.28,284.402,0.0,0
9.6730,-0.439,144.72,284.136,0.0,0
9.6780,0.176,130.67,284.225,0.0,0
9.6830,0.879,132.51,284.402,0.0,0
9.6880,1.670,143.13,284.313,0.0,0
9.6930,2.461,143.32,284.225,0.0,0
9.6980,3.340,158.87,284.136,0.0,0
9.7030,4.043,146.24,284.047,0.0,0
9.7080,4.834,149.25,284.047,0.0,0
9.7130,5.537,161.69,284.047,0.0,0
9.7180,6.328,160.34,283.959,0.0,0
9.7230,7.119,158.54,284.136,0.0,0
9.7280,7.822,146.09,284.136,0.0,0
9.7330,8.701,160.09,284.756,0.0,0
9.7380,9.404,148.43,283.959,0.0,0
9.7430,10.195,151.84,284.047,0.0,0
9.7480,10.986,151.71,283.959,0.0,0
9.7530,11.777,153.31,284.313,0.0,0
9.7580,12.393,152.58,283.693,0.0,0
9.7630,13.096,142.22,284.579,0.0,0
9.7680,13.887,147.47,284.047,0.0,0
9.7730,14.590,143.10,284.845,0.0,0
9.7780,15.293,141.19,284.225,0.0,0
9.7830,15.996,139.08,283.959,0.0,0
9.7880,16.699,138.18,283.870,0.0,0
9.7930,17.314,127.78,284.136,0.0,0
9.7990,17.930,121.94,283.781,0.0,0
9.8040,18.369,112.43,283.959,0.0,0
9.8090,18.896,104.20,283.959,0.0,0
9.8140,19.336,93.88,283.338,0.0,0
9.8190,19.775,89.29,284.047,0.0,0
9.8240,20.127,76.34,283.959,0.0,0
9.8290,20.479,70.59,283.959,0.0,0
9.8340,20.742,56.82,284.047,0.0,0
9.8390,21.006,52.64,284.047,0.0,0
9.8440,21.094,34.29,284.313,0.0,0
9.8490,21.094,17.90,284.047,0.0,0
9.8540,21.006,-4.91,284.047,0.0,0
9.8590,21.006,-6.43,284.047,0.0,0
9.8640,20.918,-15.70,283.959,0.0,0
9.8690,21.006,-0.29,283.959,0.0,0
9.8740,20.918,-6.80,284.402,0.0,0
9.8790,20.830,-15.87,283.959,0.0,0
9.8840,20.742,-16.33,284.047,0.0,0
9.8890,20.566,-28.01,284.225,0.0,0
9.8940,20.479,-23.91,284.047,0.0,0
9.8990,20.215,-41.07,284.047,0.0,0
9.9040,20.127,-29.16,283.870,0.0,0
9.9090,19.863,-43.39,283.959,0.0,0
9.9140,19.600,-50.93,283.959,0.0,0
9.9190,19.424,-41.43,283.959,0.0,0
9.9240,19.072,-55.09,284.047,0.0,0
9.9290,18.896,-43.26,283.870,0.0,0
9.9340,18.633,-48.00,283.959,0.0,0
9.9390,18.457,-45.76,284.047,0.0,0
9.9440,18.193,-47.72,284.047,0.0,0
9.9490,17.930,-51.22,283.693,0.0,0
9.9540,17.578,-62.47,284.047,0.0,0
9.9590,17.227,-68.68,283.959,0.0,0
9.9640,16.699,-90.98,283.693,0.0,0
9.9690,16.172,-97.29,283.959,0.0,0
9.9740,15.557,-108.40,283.959,0.0,0
9.9790,15.029,-105.04,283.959,0.0,0
9.9840,14.590,-106.69,284.047,0.0,0
9.9890,13.975,-117.13,284.136,0.0,0
9.9940,13.271,-132.67,283.959,0.0,0
9.9990,12.568,-134.62,283.870,0.0,0
10.0040,11.865,-137.40,283.959,0.0,0
10.0090,11.250,-127.44,283.870,0.0,0
10.0140,10.635,-121.77,283.959,0.0,0
10.0190,9.844,-136.45,284.136,0.0,0
10.0240,9.053,-142.97,284.047,0.0,0
10.0290,8.438,-143.61,283.959,0.0,0
10.0340,7.646,-149.71,284.047,0.0,0
10.0390,6.943,-140.94,283.959,0.0,0
10.0440,6.064,-154.79,283.959,0.0,0
10.0490,5.010,-181.54,284.225,0.0,0
10.0540,3.867,-202.70,283.870,0.0,0
10.0590,2.637,-221.41,284.225,0.0,0
10.0640,1.494,-220.92,283.959,0.0,0
10.0700,0.703,-180.45,283.693,0.0,0
10.0750,0.176,-157.27,283.693,0.0,0
10.0800,-0.352,-126.72,283.959,0.0,0
10.0850,-1.143,-142.21,284.136,0.0,0
10.0900,-1.934,-151.72,284.402,0.0,0
10.0950,-2.813,-162.59,284.136,0.0,0
10.1000,-3.516,-143.63,283.870,0.0,0
10.1050,-4.043,-118.03,284.136,0.0,0
10.1100,-4.570,-106.67,284.047,0.0,0
10.1150,-5.010,-94.97,284.047,0.0,0
10.1200,-5.449,-99.79,284.225,0.0,0
10.1250,-5.977,-99.81,284.225,0.0,0
10.1300,-6.592,-109.53,284.225,0.0,0
10.1350,-7.031,-96.24,284.225,0.0,0
10.1400,-7.383,-82.44,284.225,0.0,0
10.1450,-7.646,-63.46,283.870,0.0,0
10.1500,-7.998,-66.50,284.047,0.0,0
10.1550,-8.350,-69.24,284.136,0.0,0
10.1600,-8.613,-59.54,284.047,0.0,0
10.1650,-8.877,-59.14,283.959,0.0,0
10.1700,-9.141,-55.04,284.136,0.0,0
10.1750,-9.404,-53.24,284.136,0.0,0
10.1800,-9.756,-61.97,284.047,0.0,0
10.1850,-10.107,-67.23,284.136,0.0,0
10.1900,-10.371,-57.95,284.047,0.0,0
10.1950,-10.635,-54.52,284.136,0.0,0
10.2000,-10.811,-44.93,284.225,0.0,0
10.2050,-10.898,-32.80,284.136,0.0,0
10.2100,-10.986,-29.98,284.313,0.0,0
10.2150,-11.074,-24.24,283.959,0.0,0
10.2200,-11.250,-28.35,283.870,0.0,0
10.2250,-11.426,-30.18,284.136,0.0,0
10.2300,-11.514,-22.68,284.225,0.0,0
10.2350,-11.689,-24.62,284.225,0.0,0
10.2400,-11.777,-17.60,284.313,0.0,0
10.2450,-11.953,-27.33,284.047,0.0,0
10.2500,-11.953,-12.13,284.136,0.0,0
10.2550,-11.953,-6.33,284.136,0.0,0
10.2600,-11.953,-2.81,284.313,0.0,0
10.2650,-11.953,-1.25,284.136,0.0,0
10.2700,-11.953,-0.55,284.225,0.0,0
10.2750,-11.865,12.62,284.313,0.0,0
10.2800,-11.865,5.60,284.136,0.0,0
10.2850,-11.777,15.35,284.136,0.0,0
10.2900,-11.689,19.67,284.136,0.0,0
10.2950,-11.689,8.73,284.136,0.0,0
10.3000,-11.689,4.56,284.579,0.0,0
10.3050,-11.689,2.02,284.047,0.0,0
10.3100,-11.689,0.90,284.402,0.0,0
10.3160,-11.602,8.29,284.136,0.0,0
10.3210,-11.514,10.35,284.225,0.0,0
10.3260,-11.426,12.48,284.136,0.0,0
10.3310,-11.250,23.14,284.136,0.0,0
10.3360,-10.986,39.08,284.136,0.0,0
10.3410,-10.811,38.09,284.136,0.0,0
10.3460,-10.635,38.65,283.959,0.0,0
10.3510,-10.283,56.88,284.136,0.0,0
10.3560,-10.020,56.92,284.402,0.0,0
10.3610,-9.756,52.15,284.047,0.0,0
10.3660,-9.404,59.84,284.225,0.0,0
10.3710,-9.053,61.33,284.668,0.0,0
10.3760,-8.701,65.56,284.313,0.0,0
10.3810,-8.350,63.87,284.136,0.0,0
10.3860,-7.910,74.77,284.136,0.0,0
10.3910,-7.559,79.94,283.870,0.0,0
10.3960,-7.119,83.11,284.136,0.0,0
10.4010,-6.592,92.41,284.136,0.0,0
10.4060,-5.977,108.15,284.225,0.0,0
10.4110,-5.361,119.42,284.047,0.0,0
10.4160,-4.746,121.36,284.225,0.0,0
10.4210,-3.955,139.86,284.047,0.0,0
10.4260,-3.252,139.72,284.313,0.0,0
10.4310,-2.549,140.09,283.959,0.0,0
10.4360,-2.021,136.21,284.136,0.0,0
10.4410,-1.406,127.59,284.047,0.0,0
10.4460,-0.703,133.08,284.402,0.0,0
10.4510,-0.088,125.50,284.047,0.0,0
10.4560,0.615,133.77,283.959,0.0,0
10.4610,1.318,137.04,284.136,0.0,0
10.4660,2.109,149.41,284.136,0.0,0
10.4710,2.813,139.42,284.136,0.0,0
10.4760,3.604,144.28,284.047,0.0,0
10.4810,4.219,146.22,284.047,0.0,0
10.4860,5.010,149.21,284.490,0.0,0
10.4910,5.801,153.60,284.047,0.0,0
10.4960,6.592,155.54,284.047,0.0,0
10.5010,7.295,148.33,284.225,0.0,0
10.5060,7.998,140.35,284.402,0.0,0
10.5110,8.789,148.26,283.693,0.0,0
10.5160,9.492,141.53,283.516,0.0,0
10.5210,10.283,148.79,283.870,0.0,0
10.5260,10.898,150.22,283.959,0.0,0
10.5310,11.602,144.33,283.870,0.0,0
10.5360,12.305,138.57,284.047,0.0,0
10.5410,13.008,136.01,283.516,0.0,0
10.5460,13.799,147.72,284.047,0.0,0
10.5510,14.414,133.40,284.136,0.0,0
10.5560,15.117,136.86,283.870,0.0,0
10.5610,15.732,130.52,283.959,0.0,0
10.5670,16.348,124.36,284.225,0.0,0
10.5720,16.875,126.06,284.845,0.0,0
10.5770,17.402,112.87,284.047,0.0,0
10.5820,17.930,109.34,283.781,0.0,0
10.5870,18.369,96.16,283.959,0.0,0
10.5920,18.721,77.44,284.136,0.0,0
10.5970,19.072,69.14,284.225,0.0,0
10.6020,19.424,69.03,284.047,0.0,0
10.6070,19.687,57.52,283.161,0.0,0
10.6120,19.951,51.01,283.959,0.0,0
10.6170,20.039,34.47,284.047,0.0,0
10.6220,20.127,23.19,283.959,0.0,0
10.6270,20.127,10.29,284.047,0.0,0
10.6320,20.039,-3.33,284.047,0.0,0
10.6370,20.039,-1.48,283.604,0.0,0
10.6420,20.039,-0.65,284.225,0.0,0
10.6470,19.951,-9.58,283.959,0.0,0
10.6520,19.863,-15.18,283.693,0.0,0
10.6570,19.775,-19.60,283.959,0.0,0
10.6620,19.687,-23.08,283.959,0.0,0
10.6670,19.600,-21.16,283.870,0.0,0
10.6720,19.424,-26.99,283.959,0.0,0
10.6770,19.248,-32.73,284.136,0.0,0
10.6820,19.072,-33.35,283.959,0.0,0
10.6870,18.896,-30.76,284.047,0.0,0
10.6920,18.633,-39.15,284.225,0.0,0
10.6970,18.369,-42.86,284.047,0.0,0
10.7020,18.105,-47.85,283.870,0.0,0
10.7070,17.930,-47.13,284.136,0.0,0
10.7120,17.754,-38.51,283.959,0.0,0
10.7170,17.578,-35.91,283.959,0.0,0
10.7220,17.314,-46.40,283.781,0.0,0
10.7270,17.051,-52.26,284.136,0.0,0
10.7320,16.611,-70.83,283.870,0.0,0
10.7370,16.172,-84.01,283.959,0.0,0
10.7420,15.645,-92.82,284.047,0.0,0
10.7470,15.029,-106.41,284.313,0.0,0
10.7520,14.678,-96.47,284.136,0.0,0
10.7570,14.150,-103.28,283.870,0.0,0
10.7620,13.711,-93.47,284.047,0.0,0
10.7670,13.008,-116.54,283.959,0.0,0
10.7720,12.305,-129.40,283.959,0.0,0
10.7770,11.602,-136.73,283.959,0.0,0
10.7820,11.074,-117.58,284.136,0.0,0
10.7870,10.371,-128.62,284.047,0.0,0
10.7920,9.668,-136.39,283.959,0.0,0
10.7970,9.053,-142.12,284.047,0.0,0
10.8020,8.350,-139.49,283.959,0.0,0
10.8070,7.646,-136.42,283.870,0.0,0
10.8120,6.943,-136.27,283.870,0.0,0
10.8170,6.240,-138.13,283.870,0.0,0
10.8220,5.449,-147.28,284.047,0.0,0
10.8270,4.482,-169.90,283.959,0.0,0
10.8320,3.428,-192.79,283.959,0.0,0
10.8380,2.285,-210.87,283.870,0.0,0
10.8430,1.406,-212.63,284.047,0.0,0
10.8480,0.527,-188.24,284.136,0.0,0
10.8530,-0.176,-159.96,284.047,0.0,0
10.8580,-0.791,-139.38,284.136,0.0,0
10.8630,-1.406,-130.23,284.136,0.0,0
10.8680,-2.197,-145.16,283.870,0.0,0
10.8730,-2.988,-151.80,284.047,0.0,0
10.8780,-3.604,-132.59,283.959,0.0,0
10.8830,-4.131,-114.38,283.693,0.0,0
10.8880,-4.482,-100.63,284.047,0.0,0
10.8930,-5.010,-100.18,284.047,0.0,0
10.8980,-5.537,-101.37,283.959,0.0,0
10.9030,-5.977,-92.61,283.870,0.0,0
10.9080,-6.504,-95.41,284.047,0.0,0
10.9130,-6.943,-89.97,284.136,0.0,0
10.9180,-7.295,-79.67,284.047,0.0,0
10.9230,-7.559,-63.47,283.781,0.0,0
10.9280,-7.910,-64.86,283.959,0.0,0
10.9330,-8.174,-66.92,284.047,0.0,0
10.9380,-8.438,-59.73,284.136,0.0,0
10.9430,-8.701,-55.31,284.047,0.0,0
10.9480,-8.965,-50.04,284.225,0.0,0
10.9530,-9.229,-49.09,284.047,0.0,0
10.9580,-9.580,-56.56,284.136,0.0,0
10.9630,-9.932,-61.80,284.490,0.0,0
10.9680,-10.283,-65.77,284.313,0.0,0
10.9730,-10.459,-49.40,284.490,0.0,0
10.9780,-10.547,-35.08,284.136,0.0,0
10.9830,-10.723,-35.10,284.136,0.0,0
10.9880,-10.811,-24.86,284.136,0.0,0
10.9930,-10.898,-18.92,284.047,0.0,0
10.9980,-11.074,-26.00,284.225,0.0,0
11.0030,-11.162,-19.43,284.136,0.0,0
11.0080,-11.338,-26.22,284.047,0.0,0
11.0130,-11.426,-19.53,284.136,0.0,0
11.0180,-11.602,-26.26,283.959,0.0,0
11.0230,-11.689,-24.63,284.668,0.0,0
11.0280,-11.689,-10.93,284.225,0.0,0
11.0330,-11.689,-4.85,283.427,0.0,0
11.0380,-11.689,-2.15,284.225,0.0,0
11.0430,-11.689,-0.95,284.047,0.0,0
11.0480,-11.689,-0.42,284.136,0.0,0
11.0530,-11.689,-0.19,284.136,0.0,0
11.0580,-11.689,-0.08,284.490,0.0,0
11.0630,-11.689,-0.04,284.225,0.0,0
11.0680,-11.689,-0.02,284.047,0.0,0
11.0730,-11.689,-0.01,283.161,0.0,0
11.0780,-11.602,12.85,284.047,0.0,0
11.0840,-11.602,5.70,284.047,0.0,0
11.0890,-11.514,9.20,284.136,0.0,0
11.0940,-11.426,10.75,284.047,0.0,0
11.0990,-11.250,24.31,283.959,0.0,0
11.1040,-11.074,31.53,284.047,0.0,0
11.1090,-10.898,34.75,284.047,0.0,0
11.1140,-10.723,40.29,284.047,0.0,0
11.1190,-10.459,47.91,283.959,0.0,0
11.1240,-10.195,50.09,284.136,0.0,0
11.1290,-9.844,60.57,284.136,0.0,0
11.1340,-9.580,56.92,284.313,0.0,0
11.1390,-9.316,53.37,284.313,0.0,0
11.1440,-8.965,60.39,284.047,0.0,0
11.1490,-8.613,61.58,283.870,0.0,0
11.1540,-8.174,74.96,283.870,0.0,0
11.1590,-7.910,70.76,284.136,0.0,0
11.1640,-7.471,79.04,283.959,0.0,0
11.1690,-7.031,82.71,284.313,0.0,0
11.1740,-6.592,84.33,283.870,0.0,0
11.1790,-5.977,102.66,284.047,0.0,0
11.1840,-5.361,112.02,284.047,0.0,0
11.1890,-4.658,126.16,284.136,0.0,0
11.1940,-3.955,133.65,283.870,0.0,0
11.1990,-3.252,135.74,283.959,0.0,0
11.2040,-2.725,130.56,284.047,0.0,0
11.2090,-2.109,124.39,284.047,0.0,0
11.2140,-1.494,120.43,283.959,0.0,0
11.2190,-0.879,121.83,284.047,0.0,0
11.2240,-0.264,122.44,283.959,0.0,0
11.2290,0.352,122.73,284.136,0.0,0
11.2340,1.055,130.92,284.313,0.0,0
11.2390,1.846,145.48,283.959,0.0,0
11.2440,2.549,142.22,284.047,0.0,0
11.2490,3.164,146.79,283.959,0.0,0
11.2540,3.867,138.26,283.959,0.0,0
11.2590,4.658,145.71,284.047,0.0,0
11.2640,5.361,142.34,284.225,0.0,0
11.2690,6.152,149.14,284.047,0.0,0
11.2740,6.855,142.61,283.959,0.0,0
11.2790,7.559,137.81,284.313,0.0,0
11.2840,8.350,147.13,284.047,0.0,0
11.2890,8.965,131.74,283.870,0.0,0
11.2940,9.580,141.32,284.225,0.0,0
11.2990,10.283,142.02,284.136,0.0,0
11.3040,10.898,127.83,283.959,0.0,0
11.3090,11.689,142.71,284.047,0.0,0
11.3140,12.305,129.79,284.047,0.0,0
11.3190,13.008,130.72,283.250,0.0,0
11.3240,13.711,134.46,283.870,0.0,0
11.3290,14.326,126.13,283.959,0.0,0
11.3350,14.941,121.20,284.136,0.0,0
11.3400,15.469,122.96,283.604,0.0,0
11.3450,16.084,122.94,283.959,0.0,0
11.3500,16.611,113.11,284.136,0.0,0
11.3550,17.051,97.83,284.136,0.0,0
11.3600,17.578,99.36,283.781,0.0,0
11.3650,17.930,83.84,283.959,0.0,0
11.3700,18.281,76.95,283.781,0.0,0
11.3750,18.545,64.18,284.047,0.0,0
11.3800,18.896,66.83,283.870,0.0,0
11.3850,18.984,45.81,283.959,0.0,0
11.3900,19.248,47.75,284.490,0.0,0
11.3950,19.248,21.19,283.870,0.0,0
11.4000,19.336,16.07,283.959,0.0,0
11.4050,19.248,-2.16,284.047,0.0,0
11.4100,19.248,-0.96,283.781,0.0,0
11.4150,19.248,-0.43,283.959,0.0,0
11.4200,19.160,-8.08,284.047,0.0,0
11.4250,19.072,-11.48,284.313,0.0,0
11.4300,18.896,-26.69,283.959,0.0,0
11.4350,18.896,-11.84,283.959,0.0,0
11.4400,18.809,-11.92,282.984,0.0,0
11.4450,18.633,-24.10,283.959,0.0,0
11.4500,18.457,-31.46,284.047,0.0,0
11.4550,18.281,-32.78,283.959,0.0,0
11.4600,18.105,-30.51,283.781,0.0,0
11.4650,17.842,-43.99,283.781,0.0,0
11.4700,17.666,-38.33,283.959,0.0,0
11.4750,17.490,-40.23,284.047,0.0,0
11.4800,17.227,-44.74,283.959,0.0,0
11.4850,17.051,-39.37,283.870,0.0,0
11.4900,16.875,-38.22,284.047,0.0,0
11.4950,16.699,-39.09,283.959,0.0,0
11.5000,16.436,-49.02,284.047,0.0,0
11.5050,16.172,-51.78,283.516,0.0,0
11.5100,15.732,-70.62,283.870,0.0,0
11.5150,15.205,-88.26,283.959,0.0,0
11.5200,14.766,-94.84,283.870,0.0,0
11.5250,14.238,-102.56,283.870,0.0,0
11.5300,13.799,-93.15,283.604,0.0,0
11.5350,13.271,-101.81,283.781,0.0,0
11.5400,12.744,-103.74,283.959,0.0,0
11.5450,12.041,-124.11,284.225,0.0,0
11.5500,11.426,-122.93,284.047,0.0,0
11.5550,10.811,-119.77,283.959,0.0,0
11.5600,10.195,-119.61,284.136,0.0,0
11.5650,9.668,-123.57,283.604,0.0,0
11.5700,8.965,-131.30,283.870,0.0,0
11.5750,8.262,-134.69,284.047,0.0,0
11.5800,7.559,-136.24,283.959,0.0,0
11.5850,6.943,-126.91,284.136,0.0,0
11.5900,6.240,-130.84,283.959,0.0,0
11.5950,5.537,-132.57,284.225,0.0,0
11.6000,4.746,-144.81,284.047,0.0,0
11.6060,3.867,-159.54,283.693,0.0,0
11.6110,3.076,-177.99,283.870,0.0,0
11.6160,2.021,-194.99,283.959,0.0,0
11.6210,1.055,-189.70,284.047,0.0,0
11.6260,0.264,-166.59,284.136,0.0,0
11.6310,-0.527,-157.06,284.490,0.0,0
11.6360,-1.230,-146.13,284.225,0.0,0
11.6410,-1.846,-128.45,283.959,0.0,0
11.6460,-2.549,-133.45,284.136,0.0,0
11.6510,-3.164,-125.66,283.959,0.0,0
11.6560,-3.604,-115.81,284.047,0.0,0
11.6610,-4.219,-119.78,284.047,0.0,0
11.6660,-4.746,-110.07,283.959,0.0,0
11.6710,-5.186,-96.48,284.047,0.0,0
11.6760,-5.713,-102.06,283.870,0.0,0
11.6810,-6.064,-86.25,284.136,0.0,0
11.6860,-6.504,-85.91,283.959,0.0,0
11.6910,-6.855,-74.82,283.870,0.0,0
11.6960,-7.207,-67.98,283.959,0.0,0
11.7010,-7.471,-63.56,283.870,0.0,0
11.7060,-7.822,-64.92,283.959,0.0,0
11.7110,-8.086,-57.63,283.959,0.0,0
11.7160,-8.350,-52.46,283.870,0.0,0
11.7210,-8.613,-52.10,284.047,0.0,0
11.7260,-8.965,-59.82,283.870,0.0,0
11.7310,-9.229,-55.37,283.959,0.0,0
11.7360,-9.580,-65.53,283.959,0.0,0
11.7410,-9.756,-47.89,283.959,0.0,0
11.7460,-10.020,-55.00,284.047,0.0,0
11.7510,-10.195,-42.00,283.604,0.0,0
11.7560,-10.371,-38.16,284.136,0.0,0
11.7610,-10.547,-39.08,284.136,0.0,0
11.7660,-10.635,-28.27,284.047,0.0,0
11.7710,-10.723,-21.84,283.870,0.0,0
11.7760,-10.898,-29.21,284.047,0.0,0
11.7810,-10.986,-25.82,284.047,0.0,0
11.7860,-11.074,-24.31,283.870,0.0,0
11.7910,-11.162,-23.62,284.225,0.0,0
11.7960,-11.250,-19.77,284.136,0.0,0
11.8010,-11.338,-19.71,283.959,0.0,0
11.8060,-11.338,-8.74,283.870,0.0,0
11.8110,-11.426,-10.55,284.136,0.0,0
11.8160,-11.426,-4.68,284.136,0.0,0
11.8210,-11.514,-11.37,284.136,0.0,0
11.8260,-11.514,-5.04,283.959,0.0,0
11.8310,-11.602,-15.10,284.136,0.0,0
11.8360,-11.602,-7.88,283.959,0.0,0
11.8410,-11.602,-3.50,284.668,0.0,0
11.8460,-11.514,9.91,284.047,0.0,0
11.8510,-11.514,4.40,284.047,0.0,0
11.8570,-11.426,8.63,284.668,0.0,0
11.8620,-11.338,13.11,284.047,0.0,0
11.8670,-11.162,26.57,284.047,0.0,0
11.8720,-11.074,22.72,284.047,0.0,0
11.8770,-10.898,28.91,283.959,0.0,0
11.8820,-10.723,35.80,283.959,0.0,0
11.8870,-10.459,47.56,284.136,0.0,0
11.8920,-10.283,41.32,284.047,0.0,0
11.8970,-10.020,45.22,284.756,0.0,0
11.9020,-9.668,58.41,284.668,0.0,0
11.9070,-9.404,58.99,283.870,0.0,0
11.9120,-9.141,59.24,283.427,0.0,0
11.9170,-8.789,66.04,283.959,0.0,0
11.9220,-8.438,70.27,284.136,0.0,0
11.9270,-8.174,69.76,284.047,0.0,0
11.9320,-7.734,78.59,284.047,0.0,0
11.9370,-7.383,75.84,284.136,0.0,0
11.9420,-6.943,81.28,284.136,0.0,0
11.9470,-6.416,90.37,284.668,0.0,0
11.9520,-5.889,95.63,284.136,0.0,0
11.9570,-5.273,106.02,283.959,0.0,0
11.9620,-4.570,123.48,284.047,0.0,0
11.9670,-3.867,132.48,284.136,0.0,0
11.9720,-3.340,130.30,284.225,0.0,0
11.9770,-2.637,134.29,283.959,0.0,0
11.9820,-2.109,115.12,284.136,0.0,0
11.9870,-1.494,114.69,283.870,0.0,0
11.9920,-0.967,106.42,283.870,0.0,0
11.9970,-0.352,112.45,283.781,0.0,0
12.0020,0.176,106.83,284.136,0.0,0
12.0070,0.879,121.92,283.959,0.0,0
12.0120,1.582,131.79,284.136,0.0,0
12.0170,2.197,141.34,283.959,0.0,0
12.0220,2.900,139.15,283.959,0.0,0
12.0270,3.604,136.27,283.870,0.0,0
12.0320,4.307,135.52,284.136,0.0,0
12.0370,5.098,146.12,284.047,0.0,0
12.0420,5.801,145.54,283.959,0.0,0
12.0470,6.504,139.11,284.136,0.0,0
12.0520,7.207,136.77,283.693,0.0,0
12.0570,7.910,137.16,283.959,0.0,0
12.0620,8.438,132.73,284.047,0.0,0
12.0670,9.053,122.50,283.959,0.0,0
12.0720,9.756,129.41,284.047,0.0,0
12.0770,10.371,121.03,283.959,0.0,0
12.0820,11.074,130.16,284.047,0.0,0
12.0870,11.689,122.99,283.959,0.0,0
12.0920,12.393,131.04,284.047,0.0,0
12.0970,13.008,126.53,284.047,0.0,0
12.1030,13.623,124.53,284.047,0.0,0
12.1080,14.150,128.07,284.047,0.0,0
12.1130,14.766,125.22,283.870,0.0,0
12.1180,15.293,112.48,283.959,0.0,0
12.1230,15.908,115.14,283.870,0.0,0
12.1280,16.348,98.73,284.047,0.0,0
12.1330,16.787,91.44,283.959,0.0,0
12.1380,17.051,72.25,283.870,0.0,0
12.1430,17.402,68.77,283.870,0.0,0
12.1480,17.666,57.41,283.870,0.0,0
12.1530,18.018,70.89,283.959,0.0,0
12.1580,18.281,63.14,283.959,0.0,0
12.1630,18.369,37.31,283.870,0.0,0
12.1680,18.457,25.85,283.781,0.0,0
12.1730,18.457,11.47,284.313,0.0,0
12.1780,18.457,5.09,283.959,0.0,0
12.1830,18.457,2.26,283.959,0.0,0
12.1880,18.457,1.00,283.870,0.0,0
12.1930,18.369,-8.85,283.693,0.0,0
12.1980,18.281,-15.54,283.161,0.0,0
12.2030,18.281,-6.90,283.781,0.0,0
12.2080,18.105,-22.60,283.959,0.0,0
12.2130,18.018,-22.88,283.959,0.0,0
12.2180,17.930,-21.07,284.136,0.0,0
12.2230,17.754,-30.11,283.959,0.0,0
12.2280,17.578,-35.51,284.225,0.0,0
12.2330,17.402,-34.59,283.959,0.0,0
12.2380,17.227,-31.31,283.781,0.0,0
12.2430,17.051,-35.11,283.781,0.0,0
12.2480,16.787,-43.01,283.781,0.0,0
12.2530,16.523,-50.76,283.959,0.0,0
12.2580,16.348,-44.68,283.604,0.0,0
12.2630,16.260,-30.76,283.959,0.0,0
12.2680,16.084,-35.79,284.047,0.0,0
12.2730,15.908,-38.01,283.427,0.0,0
12.2780,15.557,-55.22,283.781,0.0,0
12.2830,15.205,-64.23,283.870,0.0,0
12.2880,14.854,-74.45,283.959,0.0,0
12.2930,14.326,-87.35,283.870,0.0,0
12.2980,13.799,-95.69,284.402,0.0,0
12.3030,13.359,-90.09,283.427,0.0,0
12.3080,12.920,-87.62,283.604,0.0,0
12.3130,12.393,-99.36,283.693,0.0,0
12.3180,11.777,-112.48,283.870,0.0,0
12.3230,11.162,-116.37,283.693,0.0,0
12.3280,10.547,-116.87,283.781,0.0,0
12.3330,10.107,-111.21,284.402,0.0,0
12.3380,9.404,-127.45,283.870,0.0,0
12.3430,8.789,-124.93,283.870,0.0,0
12.3480,8.086,-133.12,283.959,0.0,0
12.3530,7.471,-125.53,283.781,0.0,0
12.3580,6.855,-119.31,283.870,0.0,0
12.3630,6.152,-129.37,283.604,0.0,0
12.3680,5.537,-123.87,283.959,0.0,0
12.3740,4.746,-142.33,283.781,0.0,0
12.3790,4.131,-148.28,283.870,0.0,0
12.3840,3.340,-154.41,283.959,0.0,0
12.3890,2.461,-163.78,283.870,0.0,0
12.3940,1.582,-167.95,283.870,0.0,0
12.3990,0.703,-169.81,283.959,0.0,0
12.4040,-0.088,-163.94,284.047,0.0,0
12.4090,-0.879,-160.11,283.959,0.0,0
12.4140,-1.582,-145.58,284.047,0.0,0
12.4190,-2.285,-143.90,283.959,0.0,0
12.4240,-2.725,-125.32,283.604,0.0,0
12.4290,-3.340,-123.99,284.047,0.0,0
12.4340,-3.867,-113.58,284.047,0.0,0
12.4390,-4.395,-108.96,283.959,0.0,0
12.4440,-4.922,-105.26,284.047,0.0,0
12.4490,-5.361,-94.34,283.870,0.0,0
12.4540,-5.801,-89.50,283.693,0.0,0
12.4590,-6.152,-78.06,284.225,0.0,0
12.4640,-6.592,-82.27,284.402,0.0,0
12.4690,-6.855,-72.93,284.047,0.0,0
12.4740,-7.207,-69.08,284.047,0.0,0
12.4790,-7.559,-70.40,284.047,0.0,0
12.4840,-7.822,-61.27,284.047,0.0,0
12.4890,-8.086,-58.86,283.959,0.0,0
12.4940,-8.350,-54.23,284.047,0.0,0
12.4990,-8.613,-50.95,283.959,0.0,0
12.5040,-8.965,-60.95,283.870,0.0,0
12.5090,-9.229,-57.49,283.959,0.0,0
12.5140,-9.404,-50.23,283.781,0.0,0
12.5190,-9.668,-51.12,284.047,0.0,0
12.5240,-9.844,-41.51,284.402,0.0,0
12.5290,-10.020,-37.23,283.781,0.0,0
12.5340,-10.195,-32.47,284.047,0.0,0
12.5390,-10.371,-33.93,283.959,0.0,0
12.5440,-10.459,-24.35,283.959,0.0,0
12.5490,-10.547,-18.70,284.136,0.0,0
12.5540,-10.635,-14.97,283.959,0.0,0
12.5590,-10.723,-15.66,284.402,0.0,0
12.5640,-10.811,-13.62,284.047,0.0,0
12.5690,-10.898,-12.72,284.136,0.0,0
12.5740,-10.898,-5.64,284.047,0.0,0
12.5790,-10.986,-12.22,284.579,0.0,0
12.5840,-10.986,-5.42,284.047,0.0,0
12.5890,-11.074,-11.70,283.693,0.0,0
12.5940,-11.162,-18.04,284.047,0.0,0
12.5990,-11.162,-8.00,284.047,0.0,0
12.6040,-11.250,-13.46,284.047,0.0,0
12.6090,-11.250,-5.97,283.959,0.0,0
12.6140,-11.250,-2.65,283.959,0.0,0
12.6190,-11.162,11.67,284.047,0.0,0
12.6250,-11.162,5.18,284.047,0.0,0
12.6300,-11.074,11.58,284.225,0.0,0
12.6350,-10.986,16.06,284.136,0.0,0
12.6400,-10.898,18.06,284.313,0.0,0
12.6450,-10.723,30.17,283.959,0.0,0
12.6500,-10.635,26.67,283.250,0.0,0
12.6550,-10.371,42.30,284.047,0.0,0
12.6600,-10.195,37.60,284.047,0.0,0
12.6650,-9.932,47.14,284.136,0.0,0
12.6700,-9.756,39.75,284.136,0.0,0
12.6750,-9.492,46.45,284.136,0.0,0
12.6800,-9.229,52.29,284.047,0.0,0
12.6850,-8.965,52.00,284.047,0.0,0
12.6900,-8.613,57.85,283.870,0.0,0
12.6950,-8.350,60.20,284.136,0.0,0
12.7000,-7.998,66.45,283.959,0.0,0
12.7050,-7.646,66.18,283.959,0.0,0
12.7100,-7.207,77.01,283.870,0.0,0
12.7150,-6.768,81.81,284.047,0.0,0
12.7200,-6.240,96.78,283.959,0.0,0
12.7250,-5.713,103.45,284.047,0.0,0
12.7300,-5.186,104.46,284.136,0.0,0
12.7350,-4.482,122.78,283.693,0.0,0
12.7400,-3.955,127.15,284.136,0.0,0
12.7450,-3.340,121.66,283.870,0.0,0
12.7500,-2.637,129.03,284.313,0.0,0
12.7550,-2.109,114.19,284.047,0.0,0
12.7600,-1.582,104.97,283.959,0.0,0
12.7650,-1.055,99.23,283.870,0.0,0
12.7700,-0.439,109.27,283.870,0.0,0
12.7750,0.088,105.41,283.693,0.0,0
12.7800,0.791,123.23,283.781,0.0,0
12.7850,1.318,129.03,283.959,0.0,0
12.7900,2.021,133.00,284.047,0.0,0
12.7950,2.725,135.49,283.870,0.0,0
12.8000,3.428,136.55,283.959,0.0,0
12.8050,4.043,125.42,283.693,0.0,0
12.8100,4.746,128.78,283.959,0.0,0
12.8150,5.449,132.19,283.870,0.0,0
12.8200,6.240,143.02,283.870,0.0,0
12.8250,6.855,128.69,283.870,0.0,0
12.8300,7.383,128.80,284.136,0.0,0
12.8350,8.086,135.25,284.047,0.0,0
12.8400,8.701,129.79,283.693,0.0,0
12.8450,9.316,127.35,284.225,0.0,0
12.8500,9.932,124.90,283.959,0.0,0
12.8550,10.547,121.89,283.959,0.0,0
12.8600,11.162,117.69,283.870,0.0,0
12.8650,11.865,130.31,283.870,0.0,0
12.8700,12.480,127.59,283.959,0.0,0
12.8760,12.920,118.45,283.959,0.0,0
12.8810,13.535,117.80,284.047,0.0,0
12.8860,14.150,120.66,283.604,0.0,0
12.8910,14.678,114.04,283.870,0.0,0
12.8960,15.117,98.23,284.047,0.0,0
12.9010,15.557,91.23,283.870,0.0,0
12.9060,15.908,75.25,283.870,0.0,0
12.9110,16.260,65.56,283.870,0.0,0
12.9160,16.699,76.73,283.604,0.0,0
12.9210,16.875,60.27,283.959,0.0,0
12.9260,17.227,63.46,283.959,0.0,0
12.9310,17.490,59.84,283.870,0.0,0
12.9360,17.578,35.84,283.870,0.0,0
12.9410,17.666,25.20,283.781,0.0,0
12.9460,17.666,11.18,283.959,0.0,0
12.9510,17.754,14.25,283.870,0.0,0
12.9560,17.754,6.32,283.870,0.0,0
12.9610,17.666,-3.86,283.870,0.0,0
12.9660,17.666,-2.02,283.870,0.0,0
12.9710,17.578,-10.18,283.959,0.0,0
12.9760,17.490,-11.18,283.693,0.0,0
12.9810,17.314,-25.72,283.781,0.0,0
12.9860,17.314,-11.41,284.047,0.0,0
12.9910,17.139,-25.83,283.959,0.0,0
12.9960,17.051,-20.74,283.870,0.0,0
13.0010,16.875,-25.16,283.870,0.0,0
13.0060,16.611,-41.20,283.870,0.0,0
13.0110,16.436,-43.65,283.870,0.0,0
13.0160,16.260,-38.18,283.959,0.0,0
13.0210,16.084,-35.77,283.870,0.0,0
13.0260,15.820,-44.69,283.781,0.0,0
13.0310,15.645,-37.43,283.604,0.0,0
13.0360,15.469,-38.75,283.959,0.0,0
13.0410,15.293,-37.95,283.604,0.0,0
13.0460,15.117,-37.59,283.781,0.0,0
13.0510,14.941,-35.51,283.693,0.0,0
13.0560,14.678,-46.61,283.959,0.0,0
13.0610,14.238,-68.32,283.870,0.0,0
13.0660,13.711,-88.88,284.225,0.0,0
13.0710,13.184,-96.35,283.693,0.0,0
13.0760,12.832,-83.72,283.959,0.0,0
13.0810,12.480,-71.93,284.136,0.0,0
13.0860,11.953,-86.23,283.959,0.0,0
13.0910,11.338,-104.72,283.959,0.0,0
13.0960,10.723,-114.32,283.959,0.0,0
13.1010,10.283,-109.89,284.047,0.0,0
13.1060,9.668,-115.92,283.870,0.0,0
13.1110,9.141,-111.92,283.870,0.0,0
13.1160,8.525,-118.04,283.870,0.0,0
13.1210,7.910,-117.61,283.781,0.0,0
13.1260,7.207,-128.64,283.870,0.0,0
13.1310,6.592,-124.93,283.870,0.0,0
13.1360,5.977,-125.20,283.870,0.0,0
13.1420,5.361,-123.95,283.959,0.0,0
13.1470,4.834,-127.75,283.959,0.0,0
13.1520,4.131,-133.15,283.959,0.0,0
13.1570,3.340,-147.68,283.870,0.0,0
13.1620,2.637,-141.28,283.693,0.0,0
13.1670,1.846,-147.02,283.870,0.0,0
13.1720,1.055,-149.60,284.047,0.0,0
13.1770,0.352,-140.90,283.870,0.0,0
13.1820,-0.439,-144.94,283.959,0.0,0
13.1870,-1.230,-146.73,284.047,0.0,0
13.1920,-1.846,-147.50,283.693,0.0,0
13.1970,-2.461,-131.90,284.756,0.0,0
13.2020,-3.076,-126.91,284.225,0.0,0
13.2070,-3.516,-103.95,284.047,0.0,0
13.2120,-4.043,-103.05,283.516,0.0,0
13.2170,-4.570,-106.23,283.870,0.0,0
13.2220,-5.098,-107.63,283.959,0.0,0
13.2270,-5.537,-95.39,284.047,0.0,0
13.2320,-5.977,-89.97,283.870,0.0,0
13.2370,-6.240,-78.59,284.047,0.0,0
13.2420,-6.592,-69.66,283.959,0.0,0
13.2470,-6.855,-57.80,283.870,0.0,0
13.2520,-7.207,-63.99,283.959,0.0,0
13.2570,-7.471,-60.09,284.136,0.0,0
13.2620,-7.734,-56.71,284.047,0.0,0
13.2670,-7.998,-56.83,283.870,0.0,0
13.2720,-8.350,-64.97,283.959,0.0,0
13.2770,-8.701,-68.57,284.047,0.0,0
13.2820,-8.965,-67.42,284.047,0.0,0
13.2870,-9.229,-56.81,283.959,0.0,0
13.2920,-9.492,-54.01,284.047,0.0,0
13.2970,-9.668,-44.72,284.047,0.0,0
13.3020,-9.756,-32.69,284.047,0.0,0
13.3070,-9.844,-23.80,283.781,0.0,0
13.3120,-10.020,-31.31,283.959,0.0,0
13.3170,-10.107,-23.18,283.959,0.0,0
13.3220,-10.283,-27.89,283.870,0.0,0
13.3270,-10.371,-25.49,284.047,0.0,0
13.3320,-10.459,-19.20,284.136,0.0,0
13.3370,-10.547,-17.80,284.136,0.0,0
13.3420,-10.635,-17.19,283.959,0.0,0
13.3470,-10.635,-7.63,284.047,0.0,0
13.3520,-10.635,-1.47,283.959,0.0,0
13.3570,-10.635,-0.65,283.870,0.0,0
13.3620,-10.635,-0.29,283.959,0.0,0
13.3670,-10.723,-12.99,284.313,0.0,0
13.3720,-10.723,-6.78,284.047,0.0,0
13.3770,-10.723,-3.01,284.225,0.0,0
13.3820,-10.811,-12.27,283.959,0.0,0
13.3870,-10.811,-5.44,284.225,0.0,0
13.3920,-10.811,-2.42,283.959,0.0,0
13.3980,-10.723,6.82,283.959,0.0,0
13.4030,-10.635,15.89,283.959,0.0,0
13.4080,-10.635,7.05,283.959,0.0,0
13.4130,-10.459,20.73,284.047,0.0,0
13.4180,-10.371,21.75,283.870,0.0,0
13.4230,-10.195,27.25,284.047,0.0,0
13.4280,-10.020,30.91,284.225,0.0,0
13.4330,-9.756,42.52,283.781,0.0,0
13.4380,-9.580,39.62,284.047,0.0,0
13.4430,-9.404,37.80,284.136,0.0,0
13.4480,-9.141,45.58,283.604,0.0,0
13.4530,-8.965,39.04,284.047,0.0,0
13.4580,-8.613,54.04,283.870,0.0,0
13.4630,-8.438,46.97,283.870,0.0,0
13.4680,-8.086,57.54,283.959,0.0,0
13.4730,-7.734,62.25,283.604,0.0,0
13.4780,-7.383,65.97,283.959,0.0,0
13.4830,-6.943,76.92,283.959,0.0,0
13.4880,-6.592,68.90,284.313,0.0,0
13.4930,-6.064,86.11,284.136,0.0,0
13.4980,-5.537,96.77,283.870,0.0,0
13.5030,-4.922,112.73,284.136,0.0,0
13.5080,-4.482,110.69,283.959,0.0,0
13.5130,-3.867,113.95,283.959,0.0,0
13.5180,-3.252,114.16,284.047,0.0,0
13.5230,-2.637,115.89,283.959,0.0,0
13.5280,-2.109,105.72,284.047,0.0,0
13.5330,-1.494,112.67,284.047,0.0,0
13.5380,-0.967,110.48,283.959,0.0,0
13.5430,-0.439,107.58,284.136,0.0,0
13.5480,0.088,104.66,283.959,0.0,0
13.5530,0.615,114.34,284.047,0.0,0
13.5580,1.230,117.20,283.959,0.0,0
13.5630,1.934,128.48,284.136,0.0,0
13.5680,2.549,122.24,283.781,0.0,0
13.5730,3.252,127.37,284.047,0.0,0
13.5780,3.955,132.95,283.870,0.0,0
13.5830,4.570,126.85,283.959,0.0,0
13.5880,5.273,133.95,283.781,0.0,0
13.5930,5.977,138.74,284.047,0.0,0
13.5980,6.504,135.47,284.047,0.0,0
13.6030,7.119,128.51,283.870,0.0,0
13.6080,7.734,123.47,283.604,0.0,0
13.6130,8.350,121.25,283.870,0.0,0
13.6180,8.877,109.32,283.781,0.0,0
13.6230,9.492,112.12,283.870,0.0,0
13.6280,10.195,127.43,283.604,0.0,0
13.6330,10.723,115.11,284.313,0.0,0
13.6380,11.338,117.53,283.781,0.0,0
13.6440,11.865,124.43,283.870,0.0,0
13.6490,12.393,113.79,283.959,0.0,0
13.6540,13.008,115.72,283.870,0.0,0
13.6590,13.535,106.87,283.781,0.0,0
13.6640,14.063,101.73,283.959,0.0,0
13.6690,14.502,86.59,283.870,0.0,0
13.6740,14.941,86.06,283.959,0.0,0
13.6790,15.293,74.90,283.781,0.0,0
13.6840,15.645,71.58,283.959,0.0,0
13.6890,15.908,69.00,283.959,0.0,0
13.6940,16.260,68.98,283.959,0.0,0
13.6990,16.523,58.72,283.870,0.0,0
13.7040,16.787,51.56,283.250,0.0,0
13.7090,16.963,42.39,283.781,0.0,0
13.7140,16.963,18.81,284.047,0.0,0
13.7190,16.963,8.35,283.870,0.0,0
13.7240,17.051,10.37,283.870,0.0,0
13.7290,17.051,4.60,283.781,0.0,0
13.7340,16.963,-5.44,284.047,0.0,0
13.7390,16.875,-15.28,283.959,0.0,0
13.7440,16.875,-6.78,283.959,0.0,0
13.7490,16.787,-13.94,283.870,0.0,0
13.7540,16.699,-17.11,284.313,0.0,0
13.7590,16.611,-16.87,284.225,0.0,0
13.7640,16.523,-18.42,283.693,0.0,0
13.7690,16.348,-25.76,283.959,0.0,0
13.7740,16.260,-18.10,284.047,0.0,0
13.7790,16.084,-28.23,283.870,0.0,0
13.7840,15.820,-38.01,283.693,0.0,0
13.7890,15.645,-35.70,283.870,0.0,0
13.7940,15.381,-46.30,283.870,0.0,0
13.7990,15.205,-39.37,284.225,0.0,0
13.8040,15.029,-35.07,283.870,0.0,0
13.8090,14.854,-37.72,283.781,0.0,0
13.8140,14.766,-27.67,284.047,0.0,0
13.8190,14.502,-41.11,283.959,0.0,0
13.8240,14.414,-32.38,283.959,0.0,0
13.8290,14.063,-52.72,284.047,0.0,0
13.8340,13.711,-63.14,284.136,0.0,0
13.8390,13.271,-75.65,283.959,0.0,0
13.8440,12.744,-92.13,284.047,0.0,0
13.8490,12.305,-88.52,283.870,0.0,0
13.8540,11.953,-80.24,283.959,0.0,0
13.8590,11.514,-86.27,283.781,0.0,0
13.8640,10.986,-98.78,284.225,0.0,0
13.8690,10.547,-103.41,283.781,0.0,0
13.8740,9.932,-114.26,284.668,0.0,0
13.8790,9.404,-106.22,283.870,0.0,0
13.8840,8.877,-104.07,283.959,0.0,0
13.8890,8.350,-103.09,283.781,0.0,0
13.8940,7.646,-122.19,283.959,0.0,0
13.8990,7.031,-124.01,283.959,0.0,0
13.9040,6.416,-123.41,284.047,0.0,0
13.9100,5.801,-123.14,283.604,0.0,0
13.9150,5.361,-116.13,284.490,0.0,0
13.9200,4.746,-116.78,283.959,0.0,0
13.9250,4.043,-126.33,283.870,0.0,0
13.9300,3.340,-132.53,283.870,0.0,0
13.9350,2.637,-131.94,283.781,0.0,0
13.9400,1.934,-131.67,284.402,0.0,0
13.9450,1.318,-122.02,284.136,0.0,0
13.9500,0.615,-127.27,283.870,0.0,0
13.9550,-0.088,-132.91,283.959,0.0,0
13.9600,-0.703,-138.36,284.313,0.0,0
13.9650,-1.494,-145.73,283.959,0.0,0
13.9700,-2.197,-141.13,283.959,0.0,0
13.9750,-2.813,-129.09,283.959,0.0,0
13.9800,-3.340,-115.84,283.870,0.0,0
13.9850,-3.691,-91.15,284.047,0.0,0
13.9900,-4.219,-94.75,283.870,0.0,0
13.9950,-4.658,-89.67,283.959,0.0,0
14.0000,-5.098,-87.43,283.959,0.0,0
14.0050,-5.449,-82.99,283.427,0.0,0
14.0100,-5.889,-84.46,284.136,0.0,0
14.0150,-6.240,-72.26,284.047,0.0,0
14.0200,-6.592,-68.77,283.781,0.0,0
14.0250,-6.855,-59.32,283.959,0.0,0
14.0300,-7.119,-55.15,284.047,0.0,0
14.0350,-7.383,-53.29,283.870,0.0,0
14.0400,-7.734,-63.38,283.959,0.0,0
14.0450,-7.998,-59.80,284.047,0.0,0
14.0500,-8.262,-62.84,283.959,0.0,0
14.0550,-8.613,-64.59,283.870,0.0,0
14.0600,-8.965,-65.37,283.959,0.0,0
14.0650,-9.229,-57.83,284.047,0.0,0
14.0700,-9.404,-43.26,284.136,0.0,0
14.0750,-9.492,-27.09,283.959,0.0,0
14.0800,-9.580,-18.69,284.047,0.0,0
14.0850,-9.756,-27.83,283.870,0.0,0
14.0900,-9.844,-23.28,284.047,0.0,0
14.0950,-9.932,-25.00,284.225,0.0,0
14.1000,-10.107,-33.25,284.047,0.0,0
14.1050,-10.195,-25.67,283.959,0.0,0
14.1100,-10.283,-22.32,284.136,0.0,0
14.1150,-10.283,-9.91,284.047,0.0,0
14.1200,-10.283,-4.40,284.136,0.0,0
14.1250,-10.371,-8.62,283.870,0.0,0
14.1300,-10.371,-3.82,283.604,0.0,0
14.1350,-10.371,-1.70,283.959,0.0,0
14.1400,-10.371,-0.89,284.136,0.0,0
14.1450,-10.371,-0.39,284.047,0.0,0
14.1500,-10.283,12.69,284.136,0.0,0
14.1550,-10.371,-2.27,284.402,0.0,0
14.1600,-10.371,-1.01,284.136,0.0,0
14.1660,-10.371,-0.45,284.136,0.0,0
14.1710,-10.283,12.66,283.781,0.0,0
14.1760,-10.283,5.62,283.781,0.0,0
14.1810,-10.195,11.79,284.313,0.0,0
14.1860,-10.107,15.45,283.959,0.0,0
14.1910,-9.932,24.45,283.870,0.0,0
14.1960,-9.756,31.60,284.047,0.0,0
14.2010,-9.668,21.92,284.047,0.0,0
14.2060,-9.492,25.68,284.136,0.0,0
14.2110,-9.316,27.35,284.313,0.0,0
14.2160,-9.053,37.63,283.959,0.0,0
14.2210,-8.877,36.91,283.959,0.0,0
14.2260,-8.613,41.87,283.870,0.0,0
14.2310,-8.350,51.85,283.959,0.0,0
14.2360,-8.086,53.04,284.313,0.0,0
14.2410,-7.734,61.90,283.693,0.0,0
14.2460,-7.471,57.51,284.047,0.0,0
14.2510,-7.119,60.30,284.313,0.0,0
14.2560,-6.680,74.40,284.047,0.0,0
14.2610,-6.240,83.68,283.959,0.0,0
14.2660,-5.801,84.76,283.959,0.0,0
14.2710,-5.273,93.14,284.136,0.0,0
14.2760,-4.834,100.47,284.136,0.0,0
14.2810,-4.219,109.81,283.959,0.0,0
14.2860,-3.691,104.26,283.959,0.0,0
14.2910,-3.076,111.49,283.959,0.0,0
14.2960,-2.549,108.04,284.047,0.0,0
14.3010,-2.021,103.48,283.250,0.0,0
14.3060,-1.494,101.44,284.225,0.0,0
14.3110,-0.967,99.31,283.959,0.0,0
14.3160,-0.352,110.52,283.959,0.0,0
14.3210,0.088,111.48,284.490,0.0,0
14.3260,0.615,108.03,283.959,0.0,0
14.3310,1.230,113.18,283.959,0.0,0
14.3360,1.934,126.68,283.693,0.0,0
14.3410,2.549,124.06,283.870,0.0,0
14.3460,3.164,121.50,283.693,0.0,0
14.3510,3.779,117.50,283.781,0.0,0
14.3560,4.395,118.59,284.047,0.0,0
14.3610,5.098,129.05,284.047,0.0,0
14.3660,5.625,130.42,284.225,0.0,0
14.3710,6.240,124.32,283.693,0.0,0
14.3760,6.855,118.77,283.693,0.0,0
14.3810,7.471,117.94,283.959,0.0,0
14.3860,8.086,119.51,283.870,0.0,0
14.3910,8.613,108.56,284.047,0.0,0
14.3960,9.229,116.57,284.047,0.0,0
14.4010,9.756,108.65,283.959,0.0,0
14.4060,10.371,115.36,283.604,0.0,0
14.4120,10.811,114.00,283.870,0.0,0
14.4170,11.338,106.12,283.959,0.0,0
14.4220,11.953,113.54,283.959,0.0,0
14.4270,12.480,107.29,283.781,0.0,0
14.4320,13.008,101.92,283.870,0.0,0
14.4370,13.535,102.14,283.959,0.0,0
14.4420,13.887,80.10,283.959,0.0,0
14.4470,14.326,83.18,283.781,0.0,0
14.4520,14.678,76.64,283.870,0.0,0
14.4570,14.941,71.64,283.959,0.0,0
14.4620,15.293,71.54,283.870,0.0,0
14.4670,15.557,57.24,283.338,0.0,0
14.4720,15.908,63.75,283.604,0.0,0
14.4770,16.084,48.50,283.959,0.0,0
14.4820,16.172,30.81,283.870,0.0,0
14.4870,16.260,20.34,283.959,0.0,0
14.4920,16.260,9.03,283.959,0.0,0
14.4970,16.348,11.90,283.870,0.0,0
14.5020,16.260,-3.08,283.693,0.0,0
14.5070,16.260,-1.37,283.959,0.0,0
14.5120,16.172,-13.46,283.870,0.0,0
14.5170,16.172,-5.97,283.781,0.0,0
14.5220,16.084,-13.58,283.870,0.0,0
14.5270,15.996,-18.89,284.225,0.0,0
14.5320,15.908,-17.66,284.490,0.0,0
14.5370,15.820,-17.13,283.161,0.0,0
14.5420,15.645,-27.12,283.870,0.0,0
14.5470,15.557,-27.01,283.959,0.0,0
14.5520,15.381,-29.58,284.047,0.0,0
14.5570,15.117,-41.94,283.870,0.0,0
14.5620,14.941,-40.76,284.225,0.0,0
14.5670,14.678,-48.13,283.870,0.0,0
14.5720,14.590,-30.64,283.959,0.0,0
14.5770,14.414,-32.41,283.959,0.0,0
14.5820,14.326,-22.28,283.870,0.0,0
14.5870,14.150,-25.85,283.161,0.0,0
14.5920,13.975,-32.26,283.870,0.0,0
14.5970,13.711,-43.13,283.604,0.0,0
14.6020,13.447,-50.81,283.959,0.0,0
14.6070,13.184,-49.43,284.047,0.0,0
14.6120,12.744,-69.58,283.959,0.0,0
14.6170,12.217,-89.44,283.870,0.0,0
14.6220,11.865,-74.47,283.870,0.0,0
14.6270,11.426,-80.69,283.781,0.0,0
14.6320,11.074,-75.53,283.781,0.0,0
14.6370,10.723,-80.35,284.047,0.0,0
14.6420,10.195,-94.22,283.870,0.0,0
14.6470,9.580,-111.58,283.870,0.0,0
14.6520,9.053,-108.09,283.693,0.0,0
14.6570,8.525,-108.46,283.959,0.0,0
14.6620,8.086,-95.77,283.959,0.0,0
14.6670,7.471,-109.66,284.225,0.0,0
14.6720,6.855,-117.03,283.959,0.0,0
14.6780,6.240,-120.31,283.870,0.0,0
14.6830,5.713,-125.85,283.338,0.0,0
14.6880,5.186,-112.78,283.959,0.0,0
14.6930,4.482,-128.13,283.959,0.0,0
14.6980,3.867,-124.70,284.313,0.0,0
14.7030,3.164,-131.80,283.959,0.0,0
14.7080,2.549,-122.07,283.870,0.0,0
14.7130,1.934,-117.77,283.693,0.0,0
14.7180,1.318,-118.72,283.693,0.0,0
14.7230,0.791,-111.26,283.870,0.0,0
14.7280,0.264,-117.77,283.959,0.0,0
14.7330,-0.439,-130.34,283.781,0.0,0
14.7380,-1.143,-133.58,283.338,0.0,0
14.7430,-1.934,-143.63,283.870,0.0,0
14.7480,-2.549,-132.14,283.959,0.0,0
14.7530,-3.076,-112.93,283.870,0.0,0
14.7580,-3.516,-97.74,283.781,0.0,0
14.7630,-3.867,-84.34,283.781,0.0,0
14.7680,-4.307,-85.05,283.870,0.0,0
14.7730,-4.658,-85.32,284.136,0.0,0
14.7780,-5.098,-85.50,283.870,0.0,0
14.7830,-5.537,-84.17,283.959,0.0,0
14.7880,-5.977,-84.99,283.959,0.0,0
14.7930,-6.240,-69.39,283.959,0.0,0
14.7980,-6.504,-57.67,283.427,0.0,0
14.8030,-6.855,-63.94,284.136,0.0,0
14.8080,-7.119,-58.42,283.781,0.0,0
14.8130,-7.383,-55.95,283.870,0.0,0
14.8180,-7.646,-60.84,283.959,0.0,0
14.8230,-7.910,-53.89,284.402,0.0,0
14.8280,-8.262,-60.61,284.047,0.0,0
14.8330,-8.613,-61.67,284.136,0.0,0
14.8380,-8.965,-64.07,283.959,0.0,0
14.8430,-9.229,-58.89,283.959,0.0,0
14.8480,-9.316,-35.42,283.870,0.0,0
14.8530,-9.404,-22.38,284.136,0.0,0
14.8580,-9.492,-16.60,283.959,0.0,0
14.8630,-9.580,-16.51,283.870,0.0,0
14.8680,-9.668,-16.61,284.047,0.0,0
14.8730,-9.756,-15.26,284.047,0.0,0
14.8780,-9.932,-26.30,284.047,0.0,0
14.8830,-10.020,-24.53,284.402,0.0,0
14.8880,-10.020,-10.89,283.427,0.0,0
14.8930,-10.107,-12.73,284.047,0.0,0
14.8980,-10.107,-5.65,283.959,0.0,0
14.9030,-10.107,-2.51,283.870,0.0,0
14.9080,-10.107,-1.31,283.781,0.0,0
14.9130,-10.107,-0.58,284.047,0.0,0
14.9180,-10.107,-0.26,283.959,0.0,0
14.9230,-10.020,6.55,284.047,0.0,0
14.9280,-10.020,2.91,284.047,0.0,0
14.9340,-10.020,-0.63,283.781,0.0,0
14.9390,-9.932,6.40,283.959,0.0,0
14.9440,-9.932,2.84,283.959,0.0,0
14.9490,-9.932,1.26,283.959,0.0,0
14.9540,-9.844,8.51,284.136,0.0,0
14.9590,-9.756,13.07,283.959,0.0,0
14.9640,-9.668,13.70,284.047,0.0,0
14.9690,-9.492,25.61,284.047,0.0,0
14.9740,-9.316,33.50,284.313,0.0,0
14.9790,-9.141,37.00,283.427,0.0,0
14.9840,-8.965,37.17,284.047,0.0,0
14.9890,-8.789,35.32,283.870,0.0,0
14.9940,-8.525,44.50,283.959,0.0,0
14.9990,-8.350,43.94,283.870,0.0,0
15.0040,-8.086,46.38,284.047,0.0,0
15.0090,-7.734,58.93,283.959,0.0,0
15.0140,-7.471,57.83,283.959,0.0,0
15.0190,-7.207,51.15,284.047,0.0,0
15.0240,-6.768,70.33,283.959,0.0,0
15.0290,-6.416,67.91,284.047,0.0,0
15.0340,-5.977,77.76,283.959,0.0,0
15.0390,-5.449,91.44,283.870,0.0,0
15.0440,-5.098,88.65,283.959,0.0,0
15.0490,-4.570,93.64,283.959,0.0,0
15.0540,-3.955,106.79,283.781,0.0,0
15.0590,-3.428,104.30,283.870,0.0,0
15.0640,-2.900,104.84,283.781,0.0,0
15.0690,-2.373,105.09,283.870,0.0,0
15.0740,-1.846,107.13,284.047,0.0,0
15.0790,-1.318,106.10,284.136,0.0,0
15.0840,-0.791,107.59,283.959,0.0,0
15.0890,-0.352,109.92,283.959,0.0,0
15.0940,0.176,109.28,283.604,0.0,0
15.0990,0.703,110.20,284.047,0.0,0
15.1040,1.318,118.69,283.693,0.0,0
15.1090,1.934,122.43,283.781,0.0,0
15.1140,2.461,111.26,284.047,0.0,0
15.1190,3.076,112.96,283.870,0.0,0
15.1240,3.691,113.71,283.959,0.0,0
15.1290,4.307,115.69,283.870,0.0,0
15.1340,4.834,122.02,284.136,0.0,0
15.1390,5.449,122.52,283.959,0.0,0
15.1440,6.064,117.98,283.959,0.0,0
15.1490,6.680,115.94,283.959,0.0,0
15.1540,7.295,118.60,283.870,0.0,0
15.1590,7.822,108.15,284.047,0.0,0
15.1640,8.438,115.16,284.136,0.0,0
15.1690,8.877,98.73,284.047,0.0,0
15.1740,9.492,109.06,283.781,0.0,0
15.1800,9.844,97.84,283.870,0.0,0
15.1850,10.371,97.73,283.870,0.0,0
15.1900,10.898,97.67,283.870,0.0,0
15.1950,11.514,110.51,283.959,0.0,0
15.2000,12.041,109.52,283.959,0.0,0
15.2050,12.568,109.10,283.604,0.0,0
15.2100,12.920,85.11,284.225,0.0,0
15.2150,13.359,84.00,283.959,0.0,0
15.2200,13.711,73.97,283.959,0.0,0
15.2250,13.975,68.60,283.959,0.0,0
15.2300,14.326,70.19,284.136,0.0,0
15.2350,14.678,70.88,283.959,0.0,0
15.2400,14.941,59.56,283.870,0.0,0
15.2450,15.205,55.25,283.870,0.0,0
15.2500,15.293,33.80,284.047,0.0,0
15.2550,15.469,34.52,283.959,0.0,0
15.2600,15.469,15.32,283.693,0.0,0
15.2650,15.557,13.46,284.047,0.0,0
15.2700,15.557,7.03,283.959,0.0,0
15.2750,15.557,3.12,283.870,0.0,0
15.2800,15.557,1.38,283.870,0.0,0
15.2850,15.469,-7.28,284.136,0.0,0
15.2900,15.469,-3.23,283.693,0.0,0
15.2950,15.381,-8.10,283.959,0.0,0
15.3000,15.293,-16.46,283.959,0.0,0
15.3050,15.205,-16.59,283.693,0.0,0
15.3100,15.117,-15.26,283.959,0.0,0
15.3150,15.029,-15.82,283.959,0.0,0
15.3200,14.854,-24.62,283.870,0.0,0
15.3250,14.678,-33.06,283.959,0.0,0
15.3300,14.502,-32.26,283.781,0.0,0
15.3350,14.326,-33.14,283.870,0.0,0
15.3400,14.063,-43.52,283.781,0.0,0
15.3450,13.887,-40.05,283.781,0.0,0
15.3500,13.799,-28.69,283.959,0.0,0
15.3550,13.623,-32.25,284.047,0.0,0
15.3600,13.535,-27.77,284.756,0.0,0
15.3650,13.271,-44.00,284.047,0.0,0
15.3700,13.184,-27.42,284.047,0.0,0
15.3750,12.920,-37.67,283.781,0.0,0
15.3800,12.568,-55.06,283.870,0.0,0
15.3850,12.217,-64.16,283.870,0.0,0
15.3900,11.777,-76.11,283.959,0.0,0
15.3950,11.338,-81.41,283.693,0.0,0
15.4000,10.986,-74.47,283.959,0.0,0
15.4050,10.723,-68.87,283.693,0.0,0
15.4100,10.371,-65.33,283.959,0.0,0
15.4150,9.844,-84.52,283.870,0.0,0
15.4200,9.316,-94.44,283.781,0.0,0
15.4250,8.789,-96.21,283.870,0.0,0
15.4300,8.262,-98.22,283.870,0.0,0
15.4350,7.734,-104.06,283.959,0.0,0
15.4400,7.207,-104.74,284.668,0.0,0
15.4460,6.680,-103.39,283.959,0.0,0
15.4510,6.152,-113.68,283.959,0.0,0
15.4560,5.537,-115.68,284.225,0.0,0
15.4610,4.922,-119.72,283.959,0.0,0
15.4660,4.307,-121.50,283.959,0.0,0
15.4710,3.691,-119.15,284.136,0.0,0
15.4760,2.988,-130.96,283.870,0.0,0
15.4810,2.461,-115.04,283.870,0.0,0
15.4860,1.934,-105.35,284.225,0.0,0
15.4910,1.406,-102.29,283.959,0.0,0
15.4960,0.967,-107.16,283.870,0.0,0
15.5010,0.439,-108.04,283.959,0.0,0
15.5060,-0.176,-114.40,283.781,0.0,0
15.5110,-0.967,-136.75,283.781,0.0,0
15.5160,-1.670,-136.43,284.136,0.0,0
15.5210,-2.285,-127.00,283.959,0.0,0
15.5260,-2.813,-111.88,283.959,0.0,0
15.5310,-3.252,-97.29,283.781,0.0,0
15.5360,-3.604,-82.90,283.870,0.0,0
15.5410,-3.867,-74.92,284.225,0.0,0
15.5460,-4.307,-80.88,283.870,0.0,0
15.5510,-4.746,-83.53,283.250,0.0,0
15.5560,-5.186,-86.10,283.959,0.0,0
15.5610,-5.537,-72.99,283.959,0.0,0
15.5660,-5.889,-67.16,283.959,0.0,0
15.5710,-6.240,-66.50,283.959,0.0,0
15.5760,-6.504,-56.40,284.136,0.0,0
15.5810,-6.855,-63.37,283.959,0.0,0
15.5860,-7.031,-53.30,283.870,0.0,0
15.5910,-7.295,-49.14,284.047,0.0,0
15.5960,-7.646,-58.50,284.047,0.0,0
15.6010,-7.910,-54.79,283.959,0.0,0
15.6060,-8.262,-61.02,284.490,0.0,0
15.6110,-8.525,-52.57,284.047,0.0,0
15.6160,-8.877,-60.05,284.047,0.0,0
15.6210,-9.053,-45.46,283.870,0.0,0
15.6260,-9.141,-28.07,283.870,0.0,0
15.6310,-9.316,-35.35,283.693,0.0,0
15.6360,-9.316,-15.69,284.047,0.0,0
15.6410,-9.404,-14.86,283.870,0.0,0
15.6460,-9.492,-14.48,284.313,0.0,0
15.6510,-9.580,-15.71,283.959,0.0,0
15.6560,-9.668,-13.65,283.959,0.0,0
15.6610,-9.756,-15.34,284.047,0.0,0
15.6660,-9.756,-6.81,283.516,0.0,0
15.6710,-9.844,-10.92,283.959,0.0,0
15.6760,-9.844,-5.70,283.959,0.0,0
15.6810,-9.756,10.32,283.959,0.0,0
15.6860,-9.844,-8.27,284.047,0.0,0
15.6910,-9.756,3.00,284.047,0.0,0
15.6960,-9.756,1.33,284.047,0.0,0
15.7020,-9.668,13.44,283.959,0.0,0
15.7070,-9.668,5.96,284.047,0.0,0
15.7120,-9.580,13.58,283.959,0.0,0
15.7170,-9.580,6.02,284.047,0.0,0
15.7220,-9.492,14.08,284.047,0.0,0
15.7270,-9.492,6.25,284.047,0.0,0
15.7320,-9.404,10.67,284.225,0.0,0
15.7370,-9.316,17.60,283.959,0.0,0
15.7420,-9.229,17.09,284.047,0.0,0
15.7470,-9.053,25.18,284.047,0.0,0
15.7520,-8.877,31.91,284.136,0.0,0
15.7570,-8.613,45.84,283.959,0.0,0
15.7620,-8.438,42.47,283.693,0.0,0
15.7670,-8.262,44.30,283.959,0.0,0
15.7720,-8.086,38.47,284.313,0.0,0
15.7770,-7.822,40.92,284.047,0.0,0
15.7820,-7.471,56.52,284.047,0.0,0
15.7870,-7.207,51.96,283.959,0.0,0
15.7920,-6.855,61.40,284.136,0.0,0
15.7970,-6.504,65.59,284.136,0.0,0
15.8020,-6.064,76.74,283.959,0.0,0
15.8070,-5.625,81.69,283.870,0.0,0
15.8120,-5.273,83.57,284.047,0.0,0
15.8170,-4.746,95.65,284.047,0.0,0
15.8220,-4.219,102.94,283.870,0.0,0
15.8270,-3.779,93.31,283.870,0.0,0
15.8320,-3.252,96.93,283.516,0.0,0
15.8370,-2.813,90.65,284.047,0.0,0
15.8420,-2.197,107.37,283.693,0.0,0
15.8470,-1.670,108.15,283.959,0.0,0
15.8520,-1.143,108.47,283.870,0.0,0
15.8570,-0.791,97.54,283.870,0.0,0
15.8620,-0.264,98.81,283.693,0.0,0
15.8670,0.176,91.48,283.959,0.0,0
15.8720,0.703,94.89,284.136,0.0,0
15.8770,1.318,107.35,283.870,0.0,0
15.8820,1.934,112.88,284.136,0.0,0
15.8870,2.549,116.54,284.047,0.0,0
15.8920,3.076,108.62,283.959,0.0,0
15.8970,3.691,113.43,283.693,0.0,0
15.9020,4.131,109.41,283.959,0.0,0
15.9070,4.746,113.80,283.959,0.0,0
15.9120,5.273,107.41,283.959,0.0,0
15.9170,5.977,122.73,284.047,0.0,0
15.9220,6.592,122.84,283.604,0.0,0
15.9270,7.119,113.07,283.959,0.0,0
15.9320,7.646,107.10,283.959,0.0,0
15.9370,8.174,106.09,284.047,0.0,0
15.9420,8.701,104.01,283.870,0.0,0
15.9480,9.053,95.21,284.225,0.0,0
15.9530,9.580,97.78,284.047,0.0,0
15.9580,10.107,101.95,283.870,0.0,0
15.9630,10.547,92.87,283.959,0.0,0
15.9680,11.074,95.52,283.959,0.0,0
15.9730,11.602,99.31,283.870,0.0,0
15.9780,12.041,91.71,283.959,0.0,0
15.9830,12.480,86.69,283.959,0.0,0
15.9880,12.832,75.18,283.870,0.0,0
15.9930,13.096,67.30,283.781,0.0,0
15.9980,13.447,69.62,283.781,0.0,0
16.0030,13.799,70.62,283.870,0.0,0
16.0080,14.063,61.38,283.870,0.0,0
16.0130,14.326,54.13,283.870,0.0,0
16.0180,14.502,39.98,283.516,0.0,0
16.0230,14.678,36.55,283.870,0.0,0
16.0280,14.766,27.15,283.781,0.0,0
16.0330,14.854,22.97,283.693,0.0,0
16.0380,14.854,11.99,283.604,0.0,0
16.0430,14.941,12.00,283.959,0.0,0
16.0480,14.941,5.32,283.516,0.0,0
16.0530,14.854,-4.31,283.959,0.0,0
16.0580,14.766,-11.19,284.136,0.0,0
16.0630,14.766,-4.97,283.604,0.0,0
16.0680,14.678,-11.49,283.959,0.0,0
16.0730,14.590,-16.02,283.870,0.0,0
16.0780,14.502,-18.03,283.781,0.0,0
16.0830,14.414,-22.27,283.959,0.0,0
16.0880,14.326,-20.82,283.781,0.0,0
16.0930,14.150,-28.05,283.959,0.0,0
16.0980,13.975,-34.60,283.781,0.0,0
16.1030,13.799,-37.49,283.870,0.0,0
16.1080,13.623,-38.78,283.870,0.0,0
16.1130,13.447,-36.02,283.959,0.0,0
16.1180,13.271,-33.58,283.781,0.0,0
16.1230,13.096,-32.49,283.516,0.0,0
16.1280,13.008,-26.24,283.870,0.0,0
16.1330,12.832,-33.79,284.402,0.0,0
16.1380,12.656,-37.14,283.959,0.0,0
16.1430,12.480,-37.23,283.870,0.0,0
16.1480,12.305,-35.34,283.693,0.0,0
16.1530,12.041,-42.56,283.870,0.0,0
16.1580,11.602,-70.10,283.870,0.0,0
16.1630,11.250,-70.84,283.781,0.0,0
16.1680,10.811,-77.44,284.136,0.0,0
16.1730,10.547,-70.41,283.959,0.0,0
16.1780,10.195,-69.59,283.781,0.0,0
16.1830,9.844,-71.84,283.870,0.0,0
16.1880,9.404,-79.52,284.047,0.0,0
16.1930,8.877,-92.20,283.959,0.0,0
16.1980,8.350,-97.84,283.959,0.0,0
16.2030,7.910,-91.05,283.959,0.0,0
16.2080,7.471,-86.38,283.870,0.0,0
16.2140,6.943,-92.65,283.959,0.0,0
16.2190,6.504,-98.58,284.225,0.0,0
16.2240,5.889,-110.20,283.781,0.0,0
16.2290,5.361,-105.83,283.959,0.0,0
16.2340,4.746,-110.54,284.402,0.0,0
16.2390,4.043,-125.51,283.959,0.0,0
16.2440,3.428,-125.48,283.781,0.0,0
16.2490,2.900,-112.59,284.047,0.0,0
16.2540,2.285,-117.14,283.870,0.0,0
16.2590,1.846,-101.53,283.781,0.0,0
16.2640,1.494,-93.92,283.959,0.0,0
16.2690,1.055,-89.31,283.959,0.0,0
16.2740,0.615,-87.27,284.047,0.0,0
16.2790,0.000,-102.31,283.693,0.0,0
16.2840,-0.703,-121.87,283.959,0.0,0
16.2890,-1.406,-131.74,283.781,0.0,0
16.2940,-2.109,-136.56,284.047,0.0,0
16.2990,-2.637,-121.07,283.870,0.0,0
16.3040,-2.988,-90.44,284.047,0.0,0
16.3090,-3.340,-88.13,283.870,0.0,0
16.3140,-3.604,-66.00,283.870,0.0,0
16.3190,-4.043,-76.93,284.313,0.0,0
16.3240,-4.395,-72.48,283.959,0.0,0
16.3290,-4.834,-76.76,283.870,0.0,0
16.3340,-5.273,-81.70,283.870,0.0,0
16.3390,-5.625,-74.60,283.870,0.0,0
16.3440,-5.977,-72.85,283.959,0.0,0
16.3490,-6.240,-62.36,283.781,0.0,0
16.3540,-6.504,-64.19,284.136,0.0,0
16.3590,-6.768,-57.31,284.136,0.0,0
16.3640,-7.031,-54.23,283.781,0.0,0
16.3690,-7.295,-50.95,283.959,0.0,0
16.3740,-7.646,-59.33,283.870,0.0,0
16.3790,-7.998,-66.07,283.959,0.0,0
16.3840,-8.262,-57.42,283.870,0.0,0
16.3890,-8.525,-50.98,283.959,0.0,0
16.3940,-8.789,-51.45,284.047,0.0,0
16.3990,-8.965,-49.01,283.604,0.0,0
16.4040,-9.053,-34.61,283.870,0.0,0
16.4090,-9.053,-15.36,283.693,0.0,0
16.4140,-9.141,-16.10,283.693,0.0,0
16.4190,-9.229,-19.99,283.959,0.0,0
16.4240,-9.229,-8.87,283.338,0.0,0
16.4290,-9.316,-13.23,283.870,0.0,0
16.4340,-9.404,-13.77,283.959,0.0,0
16.4390,-9.492,-14.00,284.047,0.0,0
16.4440,-9.492,-7.31,283.959,0.0,0
16.4490,-9.492,-3.24,283.516,0.0,0
16.4540,-9.492,-1.44,283.959,0.0,0
16.4590,-9.492,-0.64,283.959,0.0,0
16.4640,-9.404,12.58,283.959,0.0,0
16.4690,-9.404,5.58,283.959,0.0,0
16.4750,-9.404,2.48,284.047,0.0,0
16.4800,-9.316,7.77,284.047,0.0,0
16.4850,-9.229,12.73,283.516,0.0,0
16.4900,-9.141,19.50,283.959,0.0,0
16.4950,-9.141,8.65,284.313,0.0,0
16.5000,-9.053,10.51,284.047,0.0,0
16.5050,-9.053,4.66,283.959,0.0,0
16.5100,-8.965,9.97,283.870,0.0,0
16.5150,-8.877,13.72,283.959,0.0,0
16.5200,-8.701,23.69,284.047,0.0,0
16.5250,-8.525,32.65,284.047,0.0,0
16.5300,-8.438,23.77,284.490,0.0,0
16.5350,-8.174,44.06,284.313,0.0,0
16.5400,-7.998,38.38,283.516,0.0,0
16.5450,-7.734,42.53,283.870,0.0,0
16.5500,-7.471,45.76,283.959,0.0,0
16.5550,-7.207,45.79,283.870,0.0,0
16.5600,-6.855,55.10,283.959,0.0,0
16.5650,-6.504,61.15,283.870,0.0,0
16.5700,-6.064,74.78,283.959,0.0,0
16.5750,-5.713,74.16,284.047,0.0,0
16.5800,-5.361,79.63,283.870,0.0,0
16.5850,-4.922,82.97,283.870,0.0,0
16.5900,-4.482,84.46,283.781,0.0,0
16.5950,-3.955,93.01,283.693,0.0,0
16.6000,-3.516,88.91,283.870,0.0,0
16.6050,-2.988,99.94,283.959,0.0,0
16.6100,-2.549,91.99,283.870,0.0,0
16.6150,-2.021,95.12,283.870,0.0,0
16.6200,-1.494,97.92,284.047,0.0,0
16.6250,-1.143,92.04,283.959,0.0,0
16.6300,-0.615,99.40,283.870,0.0,0
16.6350,-0.176,91.75,284.047,0.0,0
16.6400,0.352,96.24,284.225,0.0,0
16.6450,0.791,90.35,283.870,0.0,0
16.6500,1.406,107.24,283.959,0.0,0
16.6550,2.021,117.38,283.781,0.0,0
16.6600,2.549,110.65,283.959,0.0,0
16.6650,3.164,117.49,283.781,0.0,0
16.6700,3.516,102.25,283.870,0.0,0
16.6750,4.131,110.61,284.047,0.0,0
16.6800,4.658,106.01,283.959,0.0,0
16.6850,5.273,115.43,283.959,0.0,0
16.6900,5.801,106.75,283.870,0.0,0
16.6950,6.416,112.60,283.959,0.0,0
16.7000,6.943,106.90,284.136,0.0,0
16.7050,7.471,102.96,283.959,0.0,0
16.7100,7.998,106.19,283.693,0.0,0
16.7160,8.350,96.36,283.693,0.0,0
16.7210,8.877,101.32,283.870,0.0,0
16.7260,9.316,96.85,284.047,0.0,0
16.7310,9.756,90.60,283.870,0.0,0
16.7360,10.283,94.50,283.959,0.0,0
16.7410,10.811,100.50,283.959,0.0,0
16.7460,11.250,95.80,282.984,0.0,0
16.7510,11.689,90.14,283.959,0.0,0
16.7560,12.041,78.35,283.781,0.0,0
16.7610,12.305,68.96,283.604,0.0,0
16.7660,12.656,67.32,283.250,0.0,0
16.7710,12.920,56.75,283.781,0.0,0
16.7760,13.184,49.03,283.693,0.0,0
16.7810,13.535,60.12,283.959,0.0,0
16.7860,13.711,45.50,284.225,0.0,0
16.7910,13.887,36.14,283.870,0.0,0
16.7960,13.975,25.32,283.870,0.0,0
16.8010,14.063,20.53,283.781,0.0,0
16.8060,14.150,23.58,283.781,0.0,0
16.8110,14.150,11.69,283.959,0.0,0
16.8160,14.238,11.86,283.693,0.0,0
16.8210,14.238,5.26,283.870,0.0,0
16.8260,14.150,-10.53,283.516,0.0,0
16.8310,14.063,-15.59,283.781,0.0,0
16.8360,14.063,-6.92,283.781,0.0,0
16.8410,14.063,-3.07,284.313,0.0,0
16.8460,13.975,-9.26,283.781,0.0,0
16.8510,13.887,-15.76,284.579,0.0,0
16.8560,13.799,-16.27,283.781,0.0,0
16.8610,13.623,-27.97,283.870,0.0,0
16.8660,13.535,-21.70,283.781,0.0,0
16.8710,13.359,-27.23,283.781,0.0,0
16.8760,13.184,-32.85,283.781,0.0,0
16.8810,13.008,-33.41,283.870,0.0,0
16.8860,12.744,-43.65,283.781,0.0,0
16.8910,12.656,-27.26,284.136,0.0,0
16.8960,12.480,-34.93,284.047,0.0,0
16.9010,12.393,-24.79,283.959,0.0,0
16.9060,12.217,-30.53,283.781,0.0,0
16.9110,12.041,-34.29,283.693,0.0,0
16.9160,11.953,-24.50,283.781,0.0,0
16.9210,11.689,-41.32,284.402,0.0,0
16.9260,11.426,-50.02,284.490,0.0,0
16.9310,11.162,-50.30,283.693,0.0,0
16.9360,10.723,-65.69,284.136,0.0,0
16.9410,10.371,-75.21,283.604,0.0,0
16.9460,10.020,-73.12,283.781,0.0,0
16.9510,9.756,-62.49,283.870,0.0,0
16.9560,9.404,-66.07,283.781,0.0,0
16.9610,8.965,-76.95,283.693,0.0,0
16.9660,8.525,-81.79,283.781,0.0,0
16.9710,7.998,-95.16,283.870,0.0,0
16.9760,7.559,-89.86,283.693,0.0,0
16.9820,7.119,-87.51,284.225,0.0,0
16.9870,6.680,-99.47,283.959,0.0,0
16.9920,6.240,-91.77,283.693,0.0,0
16.9970,5.713,-97.65,283.870,0.0,0
17.0020,5.186,-98.86,284.047,0.0,0
17.0070,4.570,-110.33,283.870,0.0,0
17.0120,3.955,-115.42,283.959,0.0,0
17.0170,3.340,-119.62,283.959,0.0,0
17.0220,2.813,-110.00,283.959,0.0,0
17.0270,2.285,-103.11,283.781,0.0,0
17.0320,1.934,-94.74,283.338,0.0,0
17.0370,1.494,-89.68,283.959,0.0,0
17.0420,1.055,-87.43,284.313,0.0,0
17.0470,0.615,-86.43,283.870,0.0,0
17.0520,0.088,-95.28,283.959,0.0,0
17.0570,-0.527,-109.45,283.693,0.0,0
17.0620,-1.143,-115.02,283.781,0.0,0
17.0670,-1.758,-114.62,283.781,0.0,0
17.0720,-2.373,-116.10,283.516,0.0,0
17.0770,-2.725,-101.53,284.668,0.0,0
17.0820,-3.164,-92.69,283.870,0.0,0
17.0870,-3.516,-82.09,283.959,0.0,0
17.0920,-3.867,-79.34,283.959,0.0,0
17.0970,-4.219,-74.94,284.047,0.0,0
17.1020,-4.570,-72.82,283.959,0.0,0
17.1070,-4.922,-70.66,283.959,0.0,0
17.1120,-5.273,-68.07,283.959,0.0,0
17.1170,-5.625,-66.91,283.959,0.0,0
17.1220,-5.889,-64.91,284.047,0.0,0
17.1270,-6.152,-55.69,283.870,0.0,0
17.1320,-6.504,-61.43,283.959,0.0,0
17.1370,-6.768,-56.06,283.959,0.0,0
17.1420,-7.119,-63.22,284.047,0.0,0
17.1470,-7.383,-58.09,283.870,0.0,0
17.1520,-7.646,-54.60,284.047,0.0,0
17.1570,-7.910,-51.11,283.959,0.0,0
17.1620,-8.262,-61.03,284.047,0.0,0
17.1670,-8.438,-53.99,284.047,0.0,0
17.1720,-8.613,-44.71,284.136,0.0,0
17.1770,-8.789,-38.67,284.313,0.0,0
17.1820,-8.877,-30.02,283.870,0.0,0
17.1870,-8.965,-26.18,284.313,0.0,0
17.1920,-8.965,-11.62,283.959,0.0,0
17.1970,-8.965,-5.15,283.693,0.0,0
17.2020,-9.053,-10.19,284.047,0.0,0
17.2070,-9.053,-4.52,283.693,0.0,0
17.2120,-9.141,-10.20,283.959,0.0,0
17.2170,-9.229,-13.81,284.047,0.0,0
17.2220,-9.229,-6.13,283.959,0.0,0
17.2270,-9.229,-2.72,283.516,0.0,0
17.2320,-9.141,9.73,284.047,0.0,0
17.2370,-9.141,4.32,283.870,0.0,0
17.2430,-9.053,11.21,284.047,0.0,0
17.2480,-9.053,4.97,283.870,0.0,0
17.2530,-8.965,11.50,284.047,0.0,0
17.2580,-8.877,13.85,283.870,0.0,0
17.2630,-8.789,15.43,284.047,0.0,0
17.2680,-8.701,17.77,283.781,0.0,0
17.2730,-8.701,7.88,284.047,0.0,0
17.2780,-8.613,11.39,283.959,0.0,0
17.2830,-8.525,12.95,283.781,0.0,0
17.2880,-8.438,15.03,284.490,0.0,0
17.2930,-8.350,15.96,283.870,0.0,0
17.2980,-8.174,23.03,283.959,0.0,0
17.3030,-7.998,30.81,284.313,0.0,0
17.3080,-7.734,42.47,283.959,0.0,0
17.3130,-7.559,37.68,284.047,0.0,0
17.3180,-7.295,43.61,283.781,0.0,0
17.3230,-7.031,49.80,283.959,0.0,0
17.3280,-6.768,52.13,284.047,0.0,0
17.3330,-6.416,62.86,283.870,0.0,0
17.3380,-6.064,67.65,284.047,0.0,0
17.3430,-5.713,70.98,283.870,0.0,0
17.3480,-5.449,65.11,283.959,0.0,0
17.3530,-4.922,83.19,283.870,0.0,0
17.3580,-4.570,76.67,283.959,0.0,0
17.3630,-4.131,80.27,283.870,0.0,0
17.3680,-3.691,83.26,283.338,0.0,0
17.3730,-3.164,97.43,284.225,0.0,0
17.3780,-2.725,90.86,283.959,0.0,0
17.3830,-2.285,87.96,283.959,0.0,0
17.3880,-1.758,93.33,283.693,0.0,0
17.3930,-1.406,89.64,284.047,0.0,0
17.3980,-0.967,87.42,283.959,0.0,0
17.4030,-0.439,97.35,283.959,0.0,0
17.4080,0.000,90.84,283.516,0.0,0
17.4130,0.439,87.94,283.604,0.0,0
17.4180,0.967,97.59,283.870,0.0,0
17.4230,1.494,100.22,283.781,0.0,0
17.4280,2.109,112.86,283.959,0.0,0
17.4330,2.637,107.00,283.781,0.0,0
17.4380,3.076,109.65,283.516,0.0,0
17.4430,3.604,109.15,283.604,0.0,0
17.4480,4.043,96.06,283.959,0.0,0
17.4530,4.658,107.86,283.959,0.0,0
17.4580,5.186,106.43,284.047,0.0,0
17.4630,5.713,104.14,283.959,0.0,0
17.4680,6.328,113.39,284.845,0.0,0
17.4730,6.768,97.95,283.959,0.0,0
17.4780,7.295,97.76,283.959,0.0,0
17.4840,7.646,91.95,283.781,0.0,0
17.4890,8.174,95.12,283.959,0.0,0
17.4940,8.613,89.84,283.870,0.0,0
17.4990,9.053,87.51,283.781,0.0,0
17.5040,9.492,86.46,283.959,0.0,0
17.5090,10.020,93.91,283.959,0.0,0
17.5140,10.459,89.30,283.870,0.0,0
17.5190,10.811,75.80,283.516,0.0,0
17.5240,11.250,81.27,284.047,0.0,0
17.5290,11.514,72.42,283.870,0.0,0
17.5340,11.865,70.50,283.870,0.0,0
17.5390,12.129,56.77,283.959,0.0,0
17.5440,12.480,61.91,283.959,0.0,0
17.5490,12.744,54.36,283.781,0.0,0
17.5540,12.920,41.30,283.959,0.0,0
17.5590,13.096,34.29,283.959,0.0,0
17.5640,13.271,34.73,283.870,0.0,0
17.5690,13.359,26.33,283.870,0.0,0
17.5740,13.359,13.75,284.402,0.0,0
17.5790,13.447,12.77,283.870,0.0,0
17.5840,13.535,14.96,283.693,0.0,0
17.5890,13.535,6.64,283.781,0.0,0
17.5940,13.447,-7.99,283.870,0.0,0
17.5990,13.447,-4.77,284.136,0.0,0
17.6040,13.359,-14.98,283.693,0.0,0
17.6090,13.359,-6.65,283.781,0.0,0
17.6140,13.359,-2.95,283.781,0.0,0
17.6190,13.271,-14.40,283.870,0.0,0
17.6240,13.184,-17.31,283.781,0.0,0
17.6290,13.096,-20.53,283.870,0.0,0
17.6340,13.008,-18.39,284.047,0.0,0
17.6390,12.832,-27.69,284.047,0.0,0
17.6440,12.744,-21.57,283.870,0.0,0
17.6490,12.568,-25.54,283.781,0.0,0
17.6540,12.305,-40.16,283.781,0.0,0
17.6590,12.129,-35.41,283.870,0.0,0
17.6640,12.041,-26.33,283.781,0.0,0
17.6690,11.865,-29.28,283.781,0.0,0
17.6740,11.777,-22.29,283.693,0.0,0
17.6790,11.602,-28.70,284.047,0.0,0
17.6840,11.426,-34.87,283.781,0.0,0
17.6890,11.338,-24.76,283.781,0.0,0
17.6940,11.162,-29.82,283.959,0.0,0
17.6990,10.898,-42.04,283.516,0.0,0
17.7040,10.547,-58.40,284.225,0.0,0
17.7090,10.195,-71.40,283.870,0.0,0
17.7140,9.844,-72.65,283.959,0.0,0
17.7190,9.580,-60.35,283.516,0.0,0
17.7240,9.229,-65.13,283.959,0.0,0
17.7290,8.877,-68.63,283.781,0.0,0
17.7340,8.525,-71.42,283.781,0.0,0
17.7390,8.086,-79.33,283.870,0.0,0
17.7440,7.559,-89.50,284.225,0.0,0
17.7500,7.119,-90.91,283.870,0.0,0
17.7550,6.768,-90.29,283.693,0.0,0
17.7600,6.328,-87.71,283.693,0.0,0
17.7650,5.889,-86.55,283.604,0.0,0
17.7700,5.361,-93.94,284.047,0.0,0
17.7750,4.834,-100.24,284.047,0.0,0
17.7800,4.307,-100.01,283.959,0.0,0
17.7850,3.779,-98.68,284.225,0.0,0
17.7900,3.164,-110.96,284.047,0.0,0
17.7950,2.725,-96.87,283.959,0.0,0
17.8000,2.373,-91.49,284.136,0.0,0
17.8050,1.934,-88.24,283.870,0.0,0
17.8100,1.494,-86.78,283.604,0.0,0
17.8150,1.055,-86.15,283.959,0.0,0
17.8200,0.527,-96.79,283.781,0.0,0
17.8250,0.088,-90.59,284.136,0.0,0
17.8300,-0.439,-94.50,283.870,0.0,0
17.8350,-0.967,-97.46,284.136,0.0,0
17.8400,-1.582,-110.43,283.781,0.0,0
17.8450,-1.934,-100.19,283.959,0.0,0
17.8500,-2.461,-100.00,283.693,0.0,0
17.8550,-2.900,-92.01,283.959,0.0,0
17.8600,-3.252,-81.80,283.959,0.0,0
17.8650,-3.604,-73.00,284.047,0.0,0
17.8700,-4.043,-80.03,283.781,0.0,0
17.8750,-4.395,-76.48,284.136,0.0,0
17.8800,-4.658,-63.97,283.870,0.0,0
17.8850,-4.922,-55.27,283.959,0.0,0
17.8900,-5.186,-58.85,283.959,0.0,0
17.8950,-5.449,-51.60,283.781,0.0,0
17.9000,-5.801,-57.68,283.870,0.0,0
17.9050,-6.152,-63.96,283.870,0.0,0
17.9100,-6.504,-66.72,284.402,0.0,0
17.9150,-6.768,-56.49,283.959,0.0,0
17.9200,-7.119,-61.79,283.959,0.0,0
17.9250,-7.383,-56.22,283.959,0.0,0
17.9300,-7.646,-51.83,283.959,0.0,0
17.9350,-7.822,-44.19,284.136,0.0,0
17.9400,-8.174,-57.96,283.870,0.0,0
17.9450,-8.350,-46.46,283.870,0.0,0
17.9500,-8.438,-29.91,283.604,0.0,0
17.9550,-8.613,-30.87,283.959,0.0,0
17.9600,-8.701,-24.62,284.136,0.0,0
17.9650,-8.701,-10.92,283.870,0.0,0
17.9700,-8.789,-14.54,283.959,0.0,0
17.9750,-8.789,-6.45,283.870,0.0,0
17.9800,-8.789,-3.37,283.781,0.0,0
17.9850,-8.789,0.45,283.781,0.0,0
17.9900,-8.877,-6.47,284.136,0.0,0
17.9950,-8.965,-12.68,284.934,0.0,0
18.0000,-8.965,-5.63,283.781,0.0,0
18.0050,-8.877,4.17,283.516,0.0,0
18.0100,-8.789,14.71,283.870,0.0,0
18.0160,-8.701,19.38,283.959,0.0,0
18.0210,-8.613,21.46,283.781,0.0,0
18.0260,-8.525,24.06,283.870,0.0,0
18.0310,-8.438,21.60,283.516,0.0,0
18.0360,-8.350,18.88,283.781,0.0,0
18.0410,-8.262,21.24,284.225,0.0,0
18.0460,-8.262,9.42,283.870,0.0,0
18.0510,-8.174,15.11,284.047,0.0,0
18.0560,-8.086,19.57,284.047,0.0,0
18.0610,-7.998,17.98,283.781,0.0,0
18.0660,-7.822,28.72,283.959,0.0,0
18.0710,-7.734,25.93,283.959,0.0,0
18.0760,-7.559,30.32,283.959,0.0,0
18.0810,-7.383,32.28,284.047,0.0,0
18.0860,-7.119,41.21,283.516,0.0,0
18.0910,-6.855,48.32,283.959,0.0,0
18.0960,-6.592,53.12,284.047,0.0,0
18.1010,-6.328,55.25,283.870,0.0,0
18.1060,-5.977,62.87,283.870,0.0,0
18.1110,-5.625,68.87,283.870,0.0,0
18.1160,-5.361,65.95,283.693,0.0,0
18.1210,-4.922,76.90,284.047,0.0,0
18.1260,-4.570,73.87,283.781,0.0,0
18.1310,-4.131,80.41,283.781,0.0,0
18.1360,-3.779,75.42,283.870,0.0,0
18.1410,-3.340,81.10,283.693,0.0,0
18.1460,-2.900,83.62,283.959,0.0,0
18.1510,-2.373,94.04,283.427,0.0,0
18.1560,-1.934,89.36,283.693,0.0,0
18.1610,-1.582,87.56,283.959,0.0,0
18.1660,-1.230,79.82,283.959,0.0,0
18.1710,-0.791,83.05,283.870,0.0,0
18.1760,-0.264,95.42,283.870,0.0,0
18.1810,0.176,92.60,284.047,0.0,0
18.1860,0.615,88.72,283.781,0.0,0
18.1910,1.143,99.87,283.693,0.0,0
18.1960,1.582,91.95,283.870,0.0,0
18.2010,2.197,106.04,283.870,0.0,0
18.2060,2.549,96.27,283.781,0.0,0
18.2110,3.076,98.25,283.959,0.0,0
18.2160,3.604,99.13,283.338,0.0,0
18.2210,4.131,104.47,283.870,0.0,0
18.2260,4.570,94.00,283.959,0.0,0
18.2310,5.186,110.10,283.516,0.0,0
18.2360,5.713,110.56,283.959,0.0,0
18.2410,6.152,94.76,283.870,0.0,0
18.2460,6.680,96.36,283.959,0.0,0
18.2520,7.031,87.65,284.047,0.0,0
18.2570,7.559,96.23,284.047,0.0,0
18.2620,7.998,90.33,283.781,0.0,0
18.2670,8.438,87.72,283.781,0.0,0
18.2720,8.877,86.57,283.870,0.0,0
18.2770,9.316,86.05,283.870,0.0,0
18.2820,9.756,85.82,283.870,0.0,0
18.2870,10.195,85.72,283.693,0.0,0
18.2920,10.547,79.00,283.781,0.0,0
18.2970,10.811,72.87,283.870,0.0,0
18.3020,11.162,72.08,283.959,0.0,0
18.3070,11.426,60.10,284.047,0.0,0
18.3120,11.777,63.38,283.959,0.0,0
18.3170,12.041,55.00,283.693,0.0,0
18.3220,12.305,53.21,283.870,0.0,0
18.3270,12.480,42.42,283.870,0.0,0
18.3320,12.656,36.42,283.781,0.0,0
18.3370,12.744,25.45,283.693,0.0,0
18.3420,12.832,26.15,283.781,0.0,0
18.3470,12.832,11.60,284.136,0.0,0
18.3520,12.920,18.00,283.781,0.0,0
18.3570,12.920,11.14,283.693,0.0,0
18.3620,12.920,7.99,283.781,0.0,0
18.3670,12.920,3.54,283.870,0.0,0
18.3720,12.744,-17.96,283.781,0.0,0
18.3770,12.744,-11.54,283.870,0.0,0
18.3820,12.744,-5.12,283.781,0.0,0
18.3870,12.744,-2.67,283.870,0.0,0
18.3920,12.656,-12.11,283.870,0.0,0
18.3970,12.568,-18.22,283.870,0.0,0
18.4020,12.480,-17.38,283.870,0.0,0
18.4070,12.393,-16.99,283.781,0.0,0
18.4120,12.217,-27.08,283.693,0.0,0
18.4170,12.129,-21.31,283.870,0.0,0
18.4220,11.953,-27.04,283.781,0.0,0
18.4270,11.777,-27.95,283.781,0.0,0
18.4320,11.602,-31.72,283.781,0.0,0
18.4370,11.426,-30.04,283.870,0.0,0
18.4420,11.338,-21.22,283.870,0.0,0
18.4470,11.250,-16.08,283.693,0.0,0
18.4520,11.074,-24.74,283.870,0.0,0
18.4570,10.986,-18.87,283.693,0.0,0
18.4620,10.811,-25.97,283.781,0.0,0
18.4670,10.635,-30.34,283.781,0.0,0
18.4720,10.283,-53.20,283.959,0.0,0
18.4770,10.020,-60.84,283.250,0.0,0
18.4820,9.668,-63.71,283.870,0.0,0
18.4870,9.316,-66.62,283.959,0.0,0
18.4920,9.053,-59.59,283.781,0.0,0
18.4970,8.789,-53.87,283.781,0.0,0
18.5020,8.438,-63.64,284.047,0.0,0
18.5070,8.086,-63.02,283.870,0.0,0
18.5120,7.646,-73.68,283.781,0.0,0
18.5180,7.119,-89.63,283.781,0.0,0
18.5230,6.768,-91.29,284.136,0.0,0
18.5280,6.416,-77.21,283.781,0.0,0
18.5330,5.977,-81.90,283.781,0.0,0
18.5380,5.449,-94.90,283.870,0.0,0
18.5430,5.010,-89.74,283.781,0.0,0
18.5480,4.482,-100.30,283.693,0.0,0
18.5530,4.043,-92.15,283.870,0.0,0
18.5580,3.516,-97.80,283.870,0.0,0
18.5630,3.076,-91.03,283.959,0.0,0
18.5680,2.725,-88.44,283.693,0.0,0
18.5730,2.285,-86.88,283.959,0.0,0
18.5780,1.846,-86.18,283.870,0.0,0
18.5830,1.406,-85.88,283.870,0.0,0
18.5880,0.967,-85.74,283.959,0.0,0
18.5930,0.527,-85.69,284.136,0.0,0
18.5980,0.000,-92.32,283.870,0.0,0
18.6030,-0.439,-88.61,283.959,0.0,0
18.6080,-0.967,-96.23,283.959,0.0,0
18.6130,-1.318,-91.15,283.870,0.0,0
18.6180,-1.758,-88.09,283.870,0.0,0
18.6230,-2.197,-86.72,283.870,0.0,0
18.6280,-2.637,-88.06,283.870,0.0,0
18.6330,-2.988,-76.89,283.959,0.0,0
18.6380,-3.428,-81.76,283.781,0.0,0
18.6430,-3.779,-77.24,283.870,0.0,0
18.6480,-4.131,-70.99,283.781,0.0,0
18.6530,-4.482,-69.85,283.781,0.0,0
18.6580,-4.658,-56.68,283.870,0.0,0
18.6630,-5.010,-63.50,283.161,0.0,0
18.6680,-5.361,-67.93,283.781,0.0,0
18.6730,-5.625,-58.25,283.959,0.0,0
18.6780,-5.977,-62.57,284.402,0.0,0
18.6830,-6.240,-57.81,283.693,0.0,0
18.6880,-6.504,-49.50,283.870,0.0,0
18.6930,-6.855,-60.31,283.959,0.0,0
18.6980,-7.119,-55.56,283.781,0.0,0
18.7030,-7.295,-47.77,283.870,0.0,0
18.7080,-7.559,-46.70,283.959,0.0,0
18.7130,-7.734,-39.53,283.870,0.0,0
18.7180,-7.998,-46.34,283.870,0.0,0
18.7230,-8.174,-41.32,283.870,0.0,0
18.7280,-8.350,-39.08,284.136,0.0,0
18.7330,-8.438,-26.62,283.427,0.0,0
18.7380,-8.525,-21.10,283.781,0.0,0
18.7430,-8.525,-9.36,283.870,0.0,0
18.7480,-8.525,-2.95,283.959,0.0,0
18.7530,-8.613,-14.17,284.225,0.0,0
18.7580,-8.613,-6.29,283.870,0.0,0
18.7630,-8.613,-5.82,283.781,0.0,0
18.7680,-8.613,-5.20,283.870,0.0,0
18.7730,-8.525,7.93,283.959,0.0,0
18.7780,-8.525,3.52,284.490,0.0,0
18.7830,-8.525,1.56,283.870,0.0,0
18.7890,-8.438,7.36,283.870,0.0,0
18.7940,-8.350,13.14,283.693,0.0,0
18.7990,-8.174,25.35,283.959,0.0,0
18.8040,-8.086,20.54,283.959,0.0,0
18.8090,-7.910,28.63,284.047,0.0,0
18.8140,-7.910,12.70,283.781,0.0,0
18.8190,-7.822,12.31,283.870,0.0,0
18.8240,-7.734,13.52,283.870,0.0,0
18.8290,-7.646,18.86,283.870,0.0,0
18.8340,-7.559,21.22,283.870,0.0,0
18.8390,-7.471,22.01,283.959,0.0,0
18.8440,-7.295,26.95,283.870,0.0,0
18.8490,-7.119,32.71,283.870,0.0,0
18.8540,-6.855,46.19,283.516,0.0,0
18.8590,-6.680,42.65,283.781,0.0,0
18.8640,-6.416,48.96,283.959,0.0,0
18.8690,-6.152,50.54,284.047,0.0,0
18.8740,-5.801,60.77,283.870,0.0,0
18.8790,-5.537,58.66,284.313,0.0,0
18.8840,-5.273,62.25,284.490,0.0,0
18.8890,-4.834,75.25,283.604,0.0,0
18.8940,-4.482,74.37,283.781,0.0,0
18.8990,-4.131,71.35,284.136,0.0,0
18.9040,-3.779,71.40,283.870,0.0,0
18.9090,-3.340,79.32,283.781,0.0,0
18.9140,-2.900,82.84,283.959,0.0,0
18.9190,-2.461,90.57,283.870,0.0,0
18.9240,-2.109,79.94,283.870,0.0,0
18.9290,-1.758,82.65,283.870,0.0,0
18.9340,-1.406,75.03,283.870,0.0,0
18.9390,-0.967,80.93,283.959,0.0,0
18.9440,-0.527,83.54,284.047,0.0,0
18.9490,-0.088,84.71,283.870,0.0,0
18.9540,0.352,85.22,283.781,0.0,0
18.9590,0.791,85.46,283.781,0.0,0
18.9640,1.318,94.83,283.959,0.0,0
18.9690,1.846,100.64,283.870,0.0,0
18.9740,2.197,93.46,284.047,0.0,0
18.9790,2.637,89.11,284.047,0.0,0
18.9840,3.164,96.46,283.870,0.0,0
18.9890,3.604,90.44,284.136,0.0,0
18.9940,4.043,86.11,283.781,0.0,0
18.9990,4.570,92.53,283.870,0.0,0
19.0040,5.098,96.58,283.870,0.0,0
19.0090,5.625,101.42,283.959,0.0,0
19.0140,6.152,105.48,283.870,0.0,0
19.0200,6.504,95.98,283.604,0.0,0
19.0250,6.943,90.23,283.870,0.0,0
19.0300,7.383,87.67,283.959,0.0,0
19.0350,7.734,73.68,283.959,0.0,0
19.0400,8.262,88.64,283.781,0.0,0
19.0450,8.613,79.08,284.047,0.0,0
19.0500,9.053,82.72,283.781,0.0,0
19.0550,9.492,84.35,283.781,0.0,0
19.0600,9.844,78.39,283.870,0.0,0
19.0650,10.107,74.00,283.870,0.0,0
19.0700,10.371,59.72,283.959,0.0,0
19.0750,10.723,63.22,283.870,0.0,0
19.0800,10.986,54.94,284.136,0.0,0
19.0850,11.338,62.73,283.870,0.0,0
19.0900,11.602,59.51,283.693,0.0,0
19.0950,11.777,45.24,283.604,0.0,0
19.1000,11.953,37.67,284.490,0.0,0
19.1050,12.129,36.23,283.693,0.0,0
19.1100,12.129,18.91,283.870,0.0,0
19.1150,12.217,15.07,283.781,0.0,0
19.1200,12.305,17.61,283.870,0.0,0
19.1250,12.305,7.81,283.781,0.0,0
19.1300,12.305,3.47,283.781,0.0,0
19.1350,12.305,1.54,283.781,0.0,0
19.1400,12.305,0.68,283.781,0.0,0
19.1450,12.217,-6.37,283.870,0.0,0
19.1500,12.129,-15.69,283.781,0.0,0
19.1550,12.129,-8.19,283.870,0.0,0
19.1600,12.129,-3.63,283.781,0.0,0
19.1650,12.041,-9.67,283.516,0.0,0
19.1700,11.953,-13.58,283.781,0.0,0
19.1750,11.865,-13.93,283.693,0.0,0
19.1800,11.777,-12.85,283.693,0.0,0
19.1850,11.602,-23.30,284.136,0.0,0
19.1900,11.426,-29.15,283.693,0.0,0
19.1950,11.250,-33.68,283.781,0.0,0
19.2000,11.074,-39.74,283.959,0.0,0
19.2050,10.898,-39.77,283.781,0.0,0
19.2100,10.811,-25.54,283.781,0.0,0
19.2150,10.635,-32.08,283.427,0.0,0
19.2200,10.547,-27.10,283.781,0.0,0
19.2250,10.459,-24.87,283.781,0.0,0
19.2300,10.371,-20.33,283.781,0.0,0
19.2350,10.195,-26.61,283.870,0.0,0
19.2400,10.020,-30.63,283.781,0.0,0
19.2450,9.756,-45.99,284.136,0.0,0
19.2500,9.492,-47.29,283.781,0.0,0
19.2550,9.053,-68.63,283.870,0.0,0
19.2600,8.789,-60.48,283.693,0.0,0
19.2650,8.525,-54.94,283.870,0.0,0
19.2700,8.262,-51.26,283.870,0.0,0
19.2750,7.910,-61.10,283.781,0.0,0
19.2800,7.559,-65.46,283.870,0.0,0
19.2860,7.207,-63.83,283.693,0.0,0
19.2910,6.855,-74.24,284.047,0.0,0
19.2960,6.416,-80.58,283.959,0.0,0
19.3010,5.977,-83.39,283.870,0.0,0
19.3060,5.537,-84.63,283.870,0.0,0
19.3110,5.098,-85.19,283.693,0.0,0
19.3160,4.570,-96.36,283.693,0.0,0
19.3210,4.131,-95.17,283.870,0.0,0
19.3260,3.779,-80.59,283.781,0.0,0
19.3310,3.428,-70.54,283.959,0.0,0
19.3360,3.076,-77.74,283.870,0.0,0
19.3410,2.637,-82.14,283.604,0.0,0
19.3460,2.197,-84.08,283.870,0.0,0
19.3510,1.758,-84.94,283.870,0.0,0
19.3560,1.318,-85.33,283.959,0.0,0
19.3610,0.879,-85.50,283.693,0.0,0
19.3660,0.352,-96.50,283.870,0.0,0
19.3710,-0.088,-92.10,284.225,0.0,0
19.3760,-0.527,-88.51,283.959,0.0,0
19.3810,-0.879,-87.12,284.047,0.0,0
19.3860,-1.230,-77.01,284.047,0.0,0
19.3910,-1.670,-81.81,283.870,0.0,0
19.3960,-2.109,-83.94,283.781,0.0,0
19.4010,-2.461,-75.59,283.427,0.0,0
19.4060,-2.900,-81.18,283.072,0.0,0
19.4110,-3.252,-76.99,283.781,0.0,0
19.4160,-3.604,-72.51,283.870,0.0,0
19.4210,-3.955,-70.51,283.959,0.0,0
19.4260,-4.219,-68.44,283.870,0.0,0
19.4310,-4.570,-71.33,283.693,0.0,0
19.4360,-4.834,-63.32,284.047,0.0,0
19.4410,-5.098,-54.98,283.338,0.0,0
19.4460,-5.449,-59.17,283.959,0.0,0
19.4510,-5.713,-53.14,283.959,0.0,0
19.4560,-6.064,-61.92,284.225,0.0,0
19.4610,-6.328,-57.51,284.047,0.0,0
19.4660,-6.592,-52.41,283.959,0.0,0
19.4710,-6.768,-47.57,284.047,0.0,0
19.4760,-7.031,-46.60,283.781,0.0,0
19.4810,-7.207,-36.63,284.225,0.0,0
19.4860,-7.471,-45.08,283.870,0.0,0
19.4910,-7.646,-38.83,283.516,0.0,0
19.4960,-7.822,-37.98,283.959,0.0,0
19.5010,-7.998,-37.60,283.870,0.0,0
19.5060,-8.086,-25.98,283.870,0.0,0
19.5110,-8.174,-18.19,284.047,0.0,0
19.5160,-8.262,-17.35,283.870,0.0,0
19.5210,-8.350,-14.37,283.781,0.0,0
19.5260,-8.350,-6.38,284.136,0.0,0
19.5310,-8.350,-2.83,284.047,0.0,0
19.5360,-8.350,0.13,283.870,0.0,0
19.5410,-8.350,0.06,283.693,0.0,0
19.5460,-8.350,0.03,283.959,0.0,0
19.5510,-8.262,12.87,283.959,0.0,0
19.5570,-8.262,5.71,283.870,0.0,0
19.5620,-8.174,10.83,283.870,0.0,0
19.5670,-7.998,25.56,283.870,0.0,0
19.5720,-7.910,24.20,284.313,0.0,0
19.5770,-7.734,31.48,283.781,0.0,0
19.5820,-7.734,13.97,283.959,0.0,0
19.5870,-7.646,15.49,283.693,0.0,0
19.5920,-7.559,14.76,283.870,0.0,0
19.5970,-7.471,14.45,283.959,0.0,0
19.6020,-7.383,15.70,283.959,0.0,0
19.6070,-7.295,17.49,284.047,0.0,0
19.6120,-7.119,23.71,283.959,0.0,0
19.6170,-6.943,29.33,283.516,0.0,0
19.6220,-6.768,30.61,283.959,0.0,0
19.6270,-6.504,41.00,283.870,0.0,0
19.6320,-6.240,49.87,283.781,0.0,0
19.6370,-5.977,53.81,283.959,0.0,0
19.6420,-5.801,44.09,283.959,0.0,0
19.6470,-5.449,56.28,284.225,0.0,0
19.6520,-5.186,61.01,283.338,0.0,0
19.6570,-4.834,66.82,283.959,0.0,0
19.6620,-4.482,71.31,283.959,0.0,0
19.6670,-4.131,71.37,283.959,0.0,0
19.6720,-3.779,71.42,283.781,0.0,0
19.6770,-3.428,70.74,283.959,0.0,0
19.6820,-2.988,79.03,283.604,0.0,0
19.6870,-2.637,76.03,283.781,0.0,0
19.6920,-2.285,68.52,284.047,0.0,0
19.6970,-1.934,76.69,283.870,0.0,0
19.7020,-1.582,68.81,283.870,0.0,0
19.7070,-1.143,78.18,283.959,0.0,0
19.7120,-0.703,82.32,284.047,0.0,0
19.7170,-0.264,84.16,284.313,0.0,0
19.7220,0.088,75.69,283.870,0.0,0
19.7270,0.527,81.22,283.959,0.0,0
19.7320,0.967,83.68,283.959,0.0,0
19.7370,1.494,94.05,284.047,0.0,0
19.7420,1.846,93.09,283.959,0.0,0
19.7470,2.285,88.95,283.959,0.0,0
19.7520,2.725,87.11,283.870,0.0,0
19.7570,3.252,99.15,283.959,0.0,0
19.7620,3.691,91.63,284.047,0.0,0
19.7670,4.131,88.30,283.959,0.0,0
19.7720,4.658,97.74,283.959,0.0,0
19.7770,5.098,92.41,284.490,0.0,0
19.7820,5.625,101.49,283.781,0.0,0
19.7880,5.977,93.90,284.047,0.0,0
19.7930,6.416,89.30,283.959,0.0,0
19.7980,6.768,74.40,283.959,0.0,0
19.8030,7.207,76.11,283.781,0.0,0
19.8080,7.646,81.42,284.136,0.0,0
19.8130,7.998,70.91,284.668,0.0,0
19.8180,8.438,77.88,284.136,0.0,0
19.8230,8.877,82.19,283.072,0.0,0
19.8280,9.141,64.57,283.781,0.0,0
19.8330,9.492,74.63,283.870,0.0,0
19.8380,9.756,63.17,283.870,0.0,0
19.8430,10.020,56.14,283.781,0.0,0
19.8480,10.283,50.41,283.781,0.0,0
19.8530,10.547,47.85,283.693,0.0,0
19.8580,10.811,45.08,283.781,0.0,0
19.8630,11.074,45.49,283.604,0.0,0
19.8680,11.338,49.00,284.225,0.0,0
19.8730,11.426,31.03,283.959,0.0,0
19.8780,11.514,25.48,283.959,0.0,0
19.8830,11.602,17.98,283.870,0.0,0
19.8880,11.602,7.98,283.870,0.0,0
19.8930,11.689,10.21,283.870,0.0,0
19.8980,11.689,4.53,283.870,0.0,0
19.9030,11.689,2.01,283.870,0.0,0
19.9080,11.689,0.89,284.047,0.0,0
19.9130,11.602,-6.27,283.604,0.0,0
19.9180,11.514,-15.63,283.781,0.0,0
19.9230,11.514,-8.16,283.604,0.0,0
19.9280,11.514,-3.62,283.959,0.0,0
19.9330,11.426,-14.46,283.870,0.0,0
19.9380,11.426,-6.41,283.870,0.0,0
19.9430,11.338,-9.51,283.693,0.0,0
19.9480,11.162,-23.03,283.781,0.0,0
19.9530,11.074,-21.15,283.870,0.0,0
19.9580,10.986,-18.68,283.693,0.0,0
19.9630,10.811,-24.24,283.781,0.0,0
19.9680,10.635,-31.44,283.604,0.0,0
19.9730,10.459,-32.76,283.870,0.0,0
19.9780,10.283,-35.29,283.693,0.0,0
19.9830,10.195,-24.94,283.959,0.0,0
19.9880,10.107,-20.36,283.959,0.0,0
19.9930,9.932,-26.62,283.870,0.0,0
19.9980,9.844,-22.75,284.225,0.0,0
# END
  log complete.
# idle,pivot_deg,9.76
# idle,pivot_deg,-5.62
# idle,pivot_deg,-1.85
# idle,pivot_deg,9.32
# idle,pivot_deg,-0.09
